begin_seconds,end_seconds,duration_seconds,label,source,phase_index,signal_indication,yellow_for_broad_label,state
0,50,50,NS_GREEN,observed_reconstruction,0,NS_GREEN,,gGGggrrrrrgGGggrrrrr
50,53,3,NS_GREEN,observed_reconstruction,1,NS_GREEN_LEFT_YELLOW,,gGGyyrrrrrgGGyyrrrrr
53,56,3,NS_GREEN,observed_reconstruction,2,NS_GREEN_THROUGH_ONLY,,gGGrrrrrrrgGGrrrrrrr
56,59,3,ALL_RED,observed_reconstruction,3,NS_YELLOW,NS_GREEN,yyyrrrrrrryyyrrrrrrr
59,66,7,ALL_RED,observed_reconstruction,4,ALL_RED,,rrrrrrrrrrrrrrrrrrrr
66,76,10,EW_GREEN,observed_reconstruction,5,EW_GREEN,,rrrrrgGGggrrrrrgGGgg
76,79,3,EW_GREEN,observed_reconstruction,6,EW_GREEN_LEFT_YELLOW,,rrrrrgGGyyrrrrrgGGyy
79,82,3,EW_GREEN,observed_reconstruction,7,EW_GREEN_THROUGH_ONLY,,rrrrrgGGrrrrrrrgGGrr
82,85,3,ALL_RED,observed_reconstruction,8,EW_YELLOW,EW_GREEN,rrrrryyyrrrrrrryyyrr
85,88,3,ALL_RED,observed_reconstruction,9,ALL_RED,,rrrrrrrrrrrrrrrrrrrr
88,96,8,NS_GREEN,observed_reconstruction,10,NS_GREEN,,gGGggrrrrrgGGggrrrrr
96,99,3,NS_GREEN,observed_reconstruction,11,NS_GREEN_LEFT_YELLOW,,gGGyyrrrrrgGGyyrrrrr
99,102,3,NS_GREEN,observed_reconstruction,12,NS_GREEN_THROUGH_ONLY,,gGGrrrrrrrgGGrrrrrrr
102,105,3,ALL_RED,observed_reconstruction,13,NS_YELLOW,NS_GREEN,yyyrrrrrrryyyrrrrrrr
105,109,4,ALL_RED,observed_reconstruction,14,ALL_RED,,rrrrrrrrrrrrrrrrrrrr
109,119,10,EW_GREEN,observed_reconstruction,15,EW_GREEN,,rrrrrgGGggrrrrrgGGgg
119,122,3,EW_GREEN,observed_reconstruction,16,EW_GREEN_LEFT_YELLOW,,rrrrrgGGyyrrrrrgGGyy
122,125,3,EW_GREEN,observed_reconstruction,17,EW_GREEN_THROUGH_ONLY,,rrrrrgGGrrrrrrrgGGrr
125,128,3,ALL_RED,observed_reconstruction,18,EW_YELLOW,EW_GREEN,rrrrryyyrrrrrrryyyrr
128,131,3,ALL_RED,observed_reconstruction,19,ALL_RED,,rrrrrrrrrrrrrrrrrrrr
131,136,5,NS_GREEN,observed_reconstruction,20,NS_GREEN,,gGGggrrrrrgGGggrrrrr
136,139,3,NS_GREEN,observed_reconstruction,21,NS_GREEN_LEFT_YELLOW,,gGGyyrrrrrgGGyyrrrrr
139,142,3,NS_GREEN,observed_reconstruction,22,NS_GREEN_THROUGH_ONLY,,gGGrrrrrrrgGGrrrrrrr
142,145,3,ALL_RED,observed_reconstruction,23,NS_YELLOW,NS_GREEN,yyyrrrrrrryyyrrrrrrr
145,152,7,ALL_RED,observed_reconstruction,24,ALL_RED,,rrrrrrrrrrrrrrrrrrrr
152,162,10,EW_GREEN,observed_reconstruction,25,EW_GREEN,,rrrrrgGGggrrrrrgGGgg
162,165,3,EW_GREEN,observed_reconstruction,26,EW_GREEN_LEFT_YELLOW,,rrrrrgGGyyrrrrrgGGyy
165,168,3,EW_GREEN,observed_reconstruction,27,EW_GREEN_THROUGH_ONLY,,rrrrrgGGrrrrrrrgGGrr
168,171,3,ALL_RED,observed_reconstruction,28,EW_YELLOW,EW_GREEN,rrrrryyyrrrrrrryyyrr
171,174,3,ALL_RED,observed_reconstruction,29,ALL_RED,,rrrrrrrrrrrrrrrrrrrr
174,179,5,NS_GREEN,observed_reconstruction,30,NS_GREEN,,gGGggrrrrrgGGggrrrrr
179,182,3,NS_GREEN,observed_reconstruction,31,NS_GREEN_LEFT_YELLOW,,gGGyyrrrrrgGGyyrrrrr
182,185,3,NS_GREEN,observed_reconstruction,32,NS_GREEN_THROUGH_ONLY,,gGGrrrrrrrgGGrrrrrrr
185,188,3,ALL_RED,observed_reconstruction,33,NS_YELLOW,NS_GREEN,yyyrrrrrrryyyrrrrrrr
188,196,8,ALL_RED,observed_reconstruction,34,ALL_RED,,rrrrrrrrrrrrrrrrrrrr
196,204,8,EW_GREEN,observed_reconstruction,35,EW_GREEN,,rrrrrgGGggrrrrrgGGgg
204,207,3,EW_GREEN,observed_reconstruction,36,EW_GREEN_LEFT_YELLOW,,rrrrrgGGyyrrrrrgGGyy
207,210,3,EW_GREEN,observed_reconstruction,37,EW_GREEN_THROUGH_ONLY,,rrrrrgGGrrrrrrrgGGrr
210,213,3,ALL_RED,observed_reconstruction,38,EW_YELLOW,EW_GREEN,rrrrryyyrrrrrrryyyrr
213,217,4,ALL_RED,observed_reconstruction,39,ALL_RED,,rrrrrrrrrrrrrrrrrrrr
217,225,8,NS_GREEN,observed_reconstruction,40,NS_GREEN,,gGGggrrrrrgGGggrrrrr
225,228,3,NS_GREEN,observed_reconstruction,41,NS_GREEN_LEFT_YELLOW,,gGGyyrrrrrgGGyyrrrrr
228,231,3,NS_GREEN,observed_reconstruction,42,NS_GREEN_THROUGH_ONLY,,gGGrrrrrrrgGGrrrrrrr
231,234,3,ALL_RED,observed_reconstruction,43,NS_YELLOW,NS_GREEN,yyyrrrrrrryyyrrrrrrr
234,242,8,ALL_RED,observed_reconstruction,44,ALL_RED,,rrrrrrrrrrrrrrrrrrrr
242,251,9,EW_GREEN,observed_reconstruction,45,EW_GREEN,,rrrrrgGGggrrrrrgGGgg
251,254,3,EW_GREEN,observed_reconstruction,46,EW_GREEN_LEFT_YELLOW,,rrrrrgGGyyrrrrrgGGyy
254,257,3,EW_GREEN,observed_reconstruction,47,EW_GREEN_THROUGH_ONLY,,rrrrrgGGrrrrrrrgGGrr
257,260,3,ALL_RED,observed_reconstruction,48,EW_YELLOW,EW_GREEN,rrrrryyyrrrrrrryyyrr
260,263,3,ALL_RED,observed_reconstruction,49,ALL_RED,,rrrrrrrrrrrrrrrrrrrr
263,269,6,NS_GREEN,observed_reconstruction,50,NS_GREEN,,gGGggrrrrrgGGggrrrrr
269,272,3,NS_GREEN,observed_reconstruction,51,NS_GREEN_LEFT_YELLOW,,gGGyyrrrrrgGGyyrrrrr
272,275,3,NS_GREEN,observed_reconstruction,52,NS_GREEN_THROUGH_ONLY,,gGGrrrrrrrgGGrrrrrrr
275,278,3,ALL_RED,observed_reconstruction,53,NS_YELLOW,NS_GREEN,yyyrrrrrrryyyrrrrrrr
278,285,7,ALL_RED,observed_reconstruction,54,ALL_RED,,rrrrrrrrrrrrrrrrrrrr
285,296,11,EW_GREEN,observed_reconstruction,55,EW_GREEN,,rrrrrgGGggrrrrrgGGgg
296,299,3,EW_GREEN,observed_reconstruction,56,EW_GREEN_LEFT_YELLOW,,rrrrrgGGyyrrrrrgGGyy
299,302,3,EW_GREEN,observed_reconstruction,57,EW_GREEN_THROUGH_ONLY,,rrrrrgGGrrrrrrrgGGrr
302,305,3,ALL_RED,observed_reconstruction,58,EW_YELLOW,EW_GREEN,rrrrryyyrrrrrrryyyrr
305,306,1,ALL_RED,observed_reconstruction,59,ALL_RED,,rrrrrrrrrrrrrrrrrrrr
306,311,5,NS_GREEN,observed_reconstruction,60,NS_GREEN,,gGGggrrrrrgGGggrrrrr
311,314,3,NS_GREEN,observed_reconstruction,61,NS_GREEN_LEFT_YELLOW,,gGGyyrrrrrgGGyyrrrrr
314,317,3,NS_GREEN,observed_reconstruction,62,NS_GREEN_THROUGH_ONLY,,gGGrrrrrrrgGGrrrrrrr
317,320,3,ALL_RED,observed_reconstruction,63,NS_YELLOW,NS_GREEN,yyyrrrrrrryyyrrrrrrr
320,327,7,ALL_RED,observed_reconstruction,64,ALL_RED,,rrrrrrrrrrrrrrrrrrrr
327,337,10,EW_GREEN,observed_reconstruction,65,EW_GREEN,,rrrrrgGGggrrrrrgGGgg
337,340,3,EW_GREEN,observed_reconstruction,66,EW_GREEN_LEFT_YELLOW,,rrrrrgGGyyrrrrrgGGyy
340,343,3,EW_GREEN,observed_reconstruction,67,EW_GREEN_THROUGH_ONLY,,rrrrrgGGrrrrrrrgGGrr
343,346,3,ALL_RED,observed_reconstruction,68,EW_YELLOW,EW_GREEN,rrrrryyyrrrrrrryyyrr
346,347,1,ALL_RED,observed_reconstruction,69,ALL_RED,,rrrrrrrrrrrrrrrrrrrr
347,354,7,NS_GREEN,observed_reconstruction,70,NS_GREEN,,gGGggrrrrrgGGggrrrrr
354,357,3,NS_GREEN,observed_reconstruction,71,NS_GREEN_LEFT_YELLOW,,gGGyyrrrrrgGGyyrrrrr
357,360,3,NS_GREEN,observed_reconstruction,72,NS_GREEN_THROUGH_ONLY,,gGGrrrrrrrgGGrrrrrrr
360,363,3,ALL_RED,observed_reconstruction,73,NS_YELLOW,NS_GREEN,yyyrrrrrrryyyrrrrrrr
363,373,10,ALL_RED,observed_reconstruction,74,ALL_RED,,rrrrrrrrrrrrrrrrrrrr
373,379,6,EW_GREEN,observed_reconstruction,75,EW_GREEN,,rrrrrgGGggrrrrrgGGgg
379,382,3,EW_GREEN,observed_reconstruction,76,EW_GREEN_LEFT_YELLOW,,rrrrrgGGyyrrrrrgGGyy
382,385,3,EW_GREEN,observed_reconstruction,77,EW_GREEN_THROUGH_ONLY,,rrrrrgGGrrrrrrrgGGrr
385,388,3,ALL_RED,observed_reconstruction,78,EW_YELLOW,EW_GREEN,rrrrryyyrrrrrrryyyrr
388,390,2,ALL_RED,observed_reconstruction,79,ALL_RED,,rrrrrrrrrrrrrrrrrrrr
390,396,6,NS_GREEN,observed_reconstruction,80,NS_GREEN,,gGGggrrrrrgGGggrrrrr
396,399,3,NS_GREEN,observed_reconstruction,81,NS_GREEN_LEFT_YELLOW,,gGGyyrrrrrgGGyyrrrrr
399,402,3,NS_GREEN,observed_reconstruction,82,NS_GREEN_THROUGH_ONLY,,gGGrrrrrrrgGGrrrrrrr
402,405,3,ALL_RED,observed_reconstruction,83,NS_YELLOW,NS_GREEN,yyyrrrrrrryyyrrrrrrr
405,412,7,ALL_RED,observed_reconstruction,84,ALL_RED,,rrrrrrrrrrrrrrrrrrrr
412,420,8,EW_GREEN,observed_reconstruction,85,EW_GREEN,,rrrrrgGGggrrrrrgGGgg
420,423,3,EW_GREEN,observed_reconstruction,86,EW_GREEN_LEFT_YELLOW,,rrrrrgGGyyrrrrrgGGyy
423,426,3,EW_GREEN,observed_reconstruction,87,EW_GREEN_THROUGH_ONLY,,rrrrrgGGrrrrrrrgGGrr
426,429,3,ALL_RED,observed_reconstruction,88,EW_YELLOW,EW_GREEN,rrrrryyyrrrrrrryyyrr
429,432,3,ALL_RED,observed_reconstruction,89,ALL_RED,,rrrrrrrrrrrrrrrrrrrr
432,437,5,NS_GREEN,observed_reconstruction,90,NS_GREEN,,gGGggrrrrrgGGggrrrrr
437,440,3,NS_GREEN,observed_reconstruction,91,NS_GREEN_LEFT_YELLOW,,gGGyyrrrrrgGGyyrrrrr
440,443,3,NS_GREEN,observed_reconstruction,92,NS_GREEN_THROUGH_ONLY,,gGGrrrrrrrgGGrrrrrrr
443,446,3,ALL_RED,observed_reconstruction,93,NS_YELLOW,NS_GREEN,yyyrrrrrrryyyrrrrrrr
446,454,8,ALL_RED,observed_reconstruction,94,ALL_RED,,rrrrrrrrrrrrrrrrrrrr
454,463,9,EW_GREEN,observed_reconstruction,95,EW_GREEN,,rrrrrgGGggrrrrrgGGgg
463,466,3,EW_GREEN,observed_reconstruction,96,EW_GREEN_LEFT_YELLOW,,rrrrrgGGyyrrrrrgGGyy
466,469,3,EW_GREEN,observed_reconstruction,97,EW_GREEN_THROUGH_ONLY,,rrrrrgGGrrrrrrrgGGrr
469,472,3,ALL_RED,observed_reconstruction,98,EW_YELLOW,EW_GREEN,rrrrryyyrrrrrrryyyrr
472,474,2,ALL_RED,observed_reconstruction,99,ALL_RED,,rrrrrrrrrrrrrrrrrrrr
474,479,5,NS_GREEN,observed_reconstruction,100,NS_GREEN,,gGGggrrrrrgGGggrrrrr
479,482,3,NS_GREEN,observed_reconstruction,101,NS_GREEN_LEFT_YELLOW,,gGGyyrrrrrgGGyyrrrrr
482,485,3,NS_GREEN,observed_reconstruction,102,NS_GREEN_THROUGH_ONLY,,gGGrrrrrrrgGGrrrrrrr
485,488,3,ALL_RED,observed_reconstruction,103,NS_YELLOW,NS_GREEN,yyyrrrrrrryyyrrrrrrr
488,494,6,ALL_RED,observed_reconstruction,104,ALL_RED,,rrrrrrrrrrrrrrrrrrrr
494,504,10,EW_GREEN,observed_reconstruction,105,EW_GREEN,,rrrrrgGGggrrrrrgGGgg
504,507,3,EW_GREEN,observed_reconstruction,106,EW_GREEN_LEFT_YELLOW,,rrrrrgGGyyrrrrrgGGyy
507,510,3,EW_GREEN,observed_reconstruction,107,EW_GREEN_THROUGH_ONLY,,rrrrrgGGrrrrrrrgGGrr
510,513,3,ALL_RED,observed_reconstruction,108,EW_YELLOW,EW_GREEN,rrrrryyyrrrrrrryyyrr
513,514,1,ALL_RED,observed_reconstruction,109,ALL_RED,,rrrrrrrrrrrrrrrrrrrr
514,520,6,NS_GREEN,observed_reconstruction,110,NS_GREEN,,gGGggrrrrrgGGggrrrrr
520,523,3,NS_GREEN,observed_reconstruction,111,NS_GREEN_LEFT_YELLOW,,gGGyyrrrrrgGGyyrrrrr
523,526,3,NS_GREEN,observed_reconstruction,112,NS_GREEN_THROUGH_ONLY,,gGGrrrrrrrgGGrrrrrrr
526,529,3,ALL_RED,observed_reconstruction,113,NS_YELLOW,NS_GREEN,yyyrrrrrrryyyrrrrrrr
529,536,7,ALL_RED,observed_reconstruction,114,ALL_RED,,rrrrrrrrrrrrrrrrrrrr
536,544,8,EW_GREEN,observed_reconstruction,115,EW_GREEN,,rrrrrgGGggrrrrrgGGgg
544,547,3,EW_GREEN,observed_reconstruction,116,EW_GREEN_LEFT_YELLOW,,rrrrrgGGyyrrrrrgGGyy
547,550,3,EW_GREEN,observed_reconstruction,117,EW_GREEN_THROUGH_ONLY,,rrrrrgGGrrrrrrrgGGrr
550,553,3,ALL_RED,observed_reconstruction,118,EW_YELLOW,EW_GREEN,rrrrryyyrrrrrrryyyrr
553,555,2,ALL_RED,observed_reconstruction,119,ALL_RED,,rrrrrrrrrrrrrrrrrrrr
555,562,7,NS_GREEN,observed_reconstruction,120,NS_GREEN,,gGGggrrrrrgGGggrrrrr
562,565,3,NS_GREEN,observed_reconstruction,121,NS_GREEN_LEFT_YELLOW,,gGGyyrrrrrgGGyyrrrrr
565,568,3,NS_GREEN,observed_reconstruction,122,NS_GREEN_THROUGH_ONLY,,gGGrrrrrrrgGGrrrrrrr
568,571,3,ALL_RED,observed_reconstruction,123,NS_YELLOW,NS_GREEN,yyyrrrrrrryyyrrrrrrr
571,576,5,ALL_RED,observed_reconstruction,124,ALL_RED,,rrrrrrrrrrrrrrrrrrrr
576,586,10,EW_GREEN,observed_reconstruction,125,EW_GREEN,,rrrrrgGGggrrrrrgGGgg
586,589,3,EW_GREEN,observed_reconstruction,126,EW_GREEN_LEFT_YELLOW,,rrrrrgGGyyrrrrrgGGyy
589,592,3,EW_GREEN,observed_reconstruction,127,EW_GREEN_THROUGH_ONLY,,rrrrrgGGrrrrrrrgGGrr
592,595,3,ALL_RED,observed_reconstruction,128,EW_YELLOW,EW_GREEN,rrrrryyyrrrrrrryyyrr
595,599,4,ALL_RED,observed_reconstruction,129,ALL_RED,,rrrrrrrrrrrrrrrrrrrr
599,604,5,NS_GREEN,observed_reconstruction,130,NS_GREEN,,gGGggrrrrrgGGggrrrrr
604,607,3,NS_GREEN,observed_reconstruction,131,NS_GREEN_LEFT_YELLOW,,gGGyyrrrrrgGGyyrrrrr
607,610,3,NS_GREEN,observed_reconstruction,132,NS_GREEN_THROUGH_ONLY,,gGGrrrrrrrgGGrrrrrrr
610,613,3,ALL_RED,observed_reconstruction,133,NS_YELLOW,NS_GREEN,yyyrrrrrrryyyrrrrrrr
613,619,6,ALL_RED,observed_reconstruction,134,ALL_RED,,rrrrrrrrrrrrrrrrrrrr
619,628,9,EW_GREEN,observed_reconstruction,135,EW_GREEN,,rrrrrgGGggrrrrrgGGgg
628,631,3,EW_GREEN,observed_reconstruction,136,EW_GREEN_LEFT_YELLOW,,rrrrrgGGyyrrrrrgGGyy
631,634,3,EW_GREEN,observed_reconstruction,137,EW_GREEN_THROUGH_ONLY,,rrrrrgGGrrrrrrrgGGrr
634,637,3,ALL_RED,observed_reconstruction,138,EW_YELLOW,EW_GREEN,rrrrryyyrrrrrrryyyrr
637,639,2,ALL_RED,observed_reconstruction,139,ALL_RED,,rrrrrrrrrrrrrrrrrrrr
639,642,3,NS_GREEN,observed_reconstruction,140,NS_GREEN,,gGGggrrrrrgGGggrrrrr
642,645,3,NS_GREEN,observed_reconstruction,141,NS_GREEN_LEFT_YELLOW,,gGGyyrrrrrgGGyyrrrrr
645,648,3,NS_GREEN,observed_reconstruction,142,NS_GREEN_THROUGH_ONLY,,gGGrrrrrrrgGGrrrrrrr
648,651,3,ALL_RED,observed_reconstruction,143,NS_YELLOW,NS_GREEN,yyyrrrrrrryyyrrrrrrr
651,658,7,ALL_RED,observed_reconstruction,144,ALL_RED,,rrrrrrrrrrrrrrrrrrrr
658,666,8,EW_GREEN,observed_reconstruction,145,EW_GREEN,,rrrrrgGGggrrrrrgGGgg
666,669,3,EW_GREEN,observed_reconstruction,146,EW_GREEN_LEFT_YELLOW,,rrrrrgGGyyrrrrrgGGyy
669,672,3,EW_GREEN,observed_reconstruction,147,EW_GREEN_THROUGH_ONLY,,rrrrrgGGrrrrrrrgGGrr
672,675,3,ALL_RED,observed_reconstruction,148,EW_YELLOW,EW_GREEN,rrrrryyyrrrrrrryyyrr
675,677,2,ALL_RED,observed_reconstruction,149,ALL_RED,,rrrrrrrrrrrrrrrrrrrr
677,681,4,NS_GREEN,observed_reconstruction,150,NS_GREEN,,gGGggrrrrrgGGggrrrrr
681,684,3,NS_GREEN,observed_reconstruction,151,NS_GREEN_LEFT_YELLOW,,gGGyyrrrrrgGGyyrrrrr
684,687,3,NS_GREEN,observed_reconstruction,152,NS_GREEN_THROUGH_ONLY,,gGGrrrrrrrgGGrrrrrrr
687,690,3,ALL_RED,observed_reconstruction,153,NS_YELLOW,NS_GREEN,yyyrrrrrrryyyrrrrrrr
690,698,8,ALL_RED,observed_reconstruction,154,ALL_RED,,rrrrrrrrrrrrrrrrrrrr
698,708,10,EW_GREEN,observed_reconstruction,155,EW_GREEN,,rrrrrgGGggrrrrrgGGgg
708,711,3,EW_GREEN,observed_reconstruction,156,EW_GREEN_LEFT_YELLOW,,rrrrrgGGyyrrrrrgGGyy
711,714,3,EW_GREEN,observed_reconstruction,157,EW_GREEN_THROUGH_ONLY,,rrrrrgGGrrrrrrrgGGrr
714,717,3,ALL_RED,observed_reconstruction,158,EW_YELLOW,EW_GREEN,rrrrryyyrrrrrrryyyrr
717,718,1,ALL_RED,observed_reconstruction,159,ALL_RED,,rrrrrrrrrrrrrrrrrrrr
718,721,3,NS_GREEN,observed_reconstruction,160,NS_GREEN,,gGGggrrrrrgGGggrrrrr
721,724,3,NS_GREEN,observed_reconstruction,161,NS_GREEN_LEFT_YELLOW,,gGGyyrrrrrgGGyyrrrrr
724,727,3,NS_GREEN,observed_reconstruction,162,NS_GREEN_THROUGH_ONLY,,gGGrrrrrrrgGGrrrrrrr
727,730,3,ALL_RED,observed_reconstruction,163,NS_YELLOW,NS_GREEN,yyyrrrrrrryyyrrrrrrr
730,739,9,ALL_RED,observed_reconstruction,164,ALL_RED,,rrrrrrrrrrrrrrrrrrrr
739,745,6,EW_GREEN,observed_reconstruction,165,EW_GREEN_THROUGH_ONLY,,rrrrrgGGrrrrrrrgGGrr
745,748,3,ALL_RED,observed_reconstruction,166,EW_YELLOW,EW_GREEN,rrrrryyyrrrrrrryyyrr
748,749,1,ALL_RED,observed_reconstruction,167,ALL_RED,,rrrrrrrrrrrrrrrrrrrr
749,753,4,NS_GREEN,observed_reconstruction,168,NS_GREEN,,gGGggrrrrrgGGggrrrrr
753,756,3,NS_GREEN,observed_reconstruction,169,NS_GREEN_LEFT_YELLOW,,gGGyyrrrrrgGGyyrrrrr
756,759,3,NS_GREEN,observed_reconstruction,170,NS_GREEN_THROUGH_ONLY,,gGGrrrrrrrgGGrrrrrrr
759,762,3,ALL_RED,observed_reconstruction,171,NS_YELLOW,NS_GREEN,yyyrrrrrrryyyrrrrrrr
762,770,8,ALL_RED,observed_reconstruction,172,ALL_RED,,rrrrrrrrrrrrrrrrrrrr
770,775,5,EW_GREEN,observed_reconstruction,173,EW_GREEN_THROUGH_ONLY,,rrrrrgGGrrrrrrrgGGrr
775,778,3,ALL_RED,observed_reconstruction,174,EW_YELLOW,EW_GREEN,rrrrryyyrrrrrrryyyrr
778,779,1,ALL_RED,observed_reconstruction,175,ALL_RED,,rrrrrrrrrrrrrrrrrrrr
779,780,1,NS_GREEN,observed_reconstruction,176,NS_GREEN,,gGGggrrrrrgGGggrrrrr
780,783,3,NS_GREEN,observed_reconstruction,177,NS_GREEN_LEFT_YELLOW,,gGGyyrrrrrgGGyyrrrrr
783,786,3,NS_GREEN,observed_reconstruction,178,NS_GREEN_THROUGH_ONLY,,gGGrrrrrrrgGGrrrrrrr
786,789,3,ALL_RED,observed_reconstruction,179,NS_YELLOW,NS_GREEN,yyyrrrrrrryyyrrrrrrr
789,792,3,ALL_RED,observed_reconstruction,180,ALL_RED,,rrrrrrrrrrrrrrrrrrrr
792,803,11,EW_GREEN,observed_reconstruction,181,EW_GREEN,,rrrrrgGGggrrrrrgGGgg
803,806,3,EW_GREEN,observed_reconstruction,182,EW_GREEN_LEFT_YELLOW,,rrrrrgGGyyrrrrrgGGyy
806,809,3,EW_GREEN,observed_reconstruction,183,EW_GREEN_THROUGH_ONLY,,rrrrrgGGrrrrrrrgGGrr
809,812,3,ALL_RED,observed_reconstruction,184,EW_YELLOW,EW_GREEN,rrrrryyyrrrrrrryyyrr
812,813,1,ALL_RED,observed_reconstruction,185,ALL_RED,,rrrrrrrrrrrrrrrrrrrr
813,817,4,NS_GREEN,observed_reconstruction,186,NS_GREEN,,gGGggrrrrrgGGggrrrrr
817,820,3,NS_GREEN,observed_reconstruction,187,NS_GREEN_LEFT_YELLOW,,gGGyyrrrrrgGGyyrrrrr
820,823,3,NS_GREEN,observed_reconstruction,188,NS_GREEN_THROUGH_ONLY,,gGGrrrrrrrgGGrrrrrrr
823,826,3,ALL_RED,observed_reconstruction,189,NS_YELLOW,NS_GREEN,yyyrrrrrrryyyrrrrrrr
826,833,7,ALL_RED,observed_reconstruction,190,ALL_RED,,rrrrrrrrrrrrrrrrrrrr
833,842,9,EW_GREEN,observed_reconstruction,191,EW_GREEN,,rrrrrgGGggrrrrrgGGgg
842,845,3,EW_GREEN,observed_reconstruction,192,EW_GREEN_LEFT_YELLOW,,rrrrrgGGyyrrrrrgGGyy
845,848,3,EW_GREEN,observed_reconstruction,193,EW_GREEN_THROUGH_ONLY,,rrrrrgGGrrrrrrrgGGrr
848,851,3,ALL_RED,observed_reconstruction,194,EW_YELLOW,EW_GREEN,rrrrryyyrrrrrrryyyrr
851,854,3,ALL_RED,observed_reconstruction,195,ALL_RED,,rrrrrrrrrrrrrrrrrrrr
854,856,2,NS_GREEN,observed_reconstruction,196,NS_GREEN,,gGGggrrrrrgGGggrrrrr
856,859,3,NS_GREEN,observed_reconstruction,197,NS_GREEN_LEFT_YELLOW,,gGGyyrrrrrgGGyyrrrrr
859,862,3,NS_GREEN,observed_reconstruction,198,NS_GREEN_THROUGH_ONLY,,gGGrrrrrrrgGGrrrrrrr
862,865,3,ALL_RED,observed_reconstruction,199,NS_YELLOW,NS_GREEN,yyyrrrrrrryyyrrrrrrr
865,873,8,ALL_RED,observed_reconstruction,200,ALL_RED,,rrrrrrrrrrrrrrrrrrrr
873,892,19,EW_GREEN,observed_reconstruction,201,EW_GREEN,,rrrrrgGGggrrrrrgGGgg
892,895,3,EW_GREEN,observed_reconstruction,202,EW_GREEN_LEFT_YELLOW,,rrrrrgGGyyrrrrrgGGyy
895,898,3,EW_GREEN,observed_reconstruction,203,EW_GREEN_THROUGH_ONLY,,rrrrrgGGrrrrrrrgGGrr
898,901,3,ALL_RED,observed_reconstruction,204,EW_YELLOW,EW_GREEN,rrrrryyyrrrrrrryyyrr
901,902,1,ALL_RED,observed_reconstruction,205,ALL_RED,,rrrrrrrrrrrrrrrrrrrr
902,906,4,NS_GREEN,observed_reconstruction,206,NS_GREEN,,gGGggrrrrrgGGggrrrrr
906,909,3,NS_GREEN,observed_reconstruction,207,NS_GREEN_LEFT_YELLOW,,gGGyyrrrrrgGGyyrrrrr
909,912,3,NS_GREEN,observed_reconstruction,208,NS_GREEN_THROUGH_ONLY,,gGGrrrrrrrgGGrrrrrrr
912,915,3,ALL_RED,observed_reconstruction,209,NS_YELLOW,NS_GREEN,yyyrrrrrrryyyrrrrrrr
915,922,7,ALL_RED,observed_reconstruction,210,ALL_RED,,rrrrrrrrrrrrrrrrrrrr
922,927,5,EW_GREEN,observed_reconstruction,211,EW_GREEN,,rrrrrgGGggrrrrrgGGgg
927,930,3,EW_GREEN,observed_reconstruction,212,EW_GREEN_LEFT_YELLOW,,rrrrrgGGyyrrrrrgGGyy
930,933,3,EW_GREEN,observed_reconstruction,213,EW_GREEN_THROUGH_ONLY,,rrrrrgGGrrrrrrrgGGrr
933,936,3,ALL_RED,observed_reconstruction,214,EW_YELLOW,EW_GREEN,rrrrryyyrrrrrrryyyrr
936,938,2,ALL_RED,observed_reconstruction,215,ALL_RED,,rrrrrrrrrrrrrrrrrrrr
938,943,5,NS_GREEN,observed_reconstruction,216,NS_GREEN,,gGGggrrrrrgGGggrrrrr
943,946,3,NS_GREEN,observed_reconstruction,217,NS_GREEN_LEFT_YELLOW,,gGGyyrrrrrgGGyyrrrrr
946,949,3,NS_GREEN,observed_reconstruction,218,NS_GREEN_THROUGH_ONLY,,gGGrrrrrrrgGGrrrrrrr
949,952,3,ALL_RED,observed_reconstruction,219,NS_YELLOW,NS_GREEN,yyyrrrrrrryyyrrrrrrr
952,963,11,ALL_RED,observed_reconstruction,220,ALL_RED,,rrrrrrrrrrrrrrrrrrrr
963,965,2,EW_GREEN,observed_reconstruction,221,EW_GREEN,,rrrrrgGGggrrrrrgGGgg
965,968,3,EW_GREEN,observed_reconstruction,222,EW_GREEN_LEFT_YELLOW,,rrrrrgGGyyrrrrrgGGyy
968,971,3,EW_GREEN,observed_reconstruction,223,EW_GREEN_THROUGH_ONLY,,rrrrrgGGrrrrrrrgGGrr
971,974,3,ALL_RED,observed_reconstruction,224,EW_YELLOW,EW_GREEN,rrrrryyyrrrrrrryyyrr
974,977,3,ALL_RED,observed_reconstruction,225,ALL_RED,,rrrrrrrrrrrrrrrrrrrr
977,978,1,NS_GREEN,observed_reconstruction,226,NS_GREEN,,gGGggrrrrrgGGggrrrrr
978,981,3,NS_GREEN,observed_reconstruction,227,NS_GREEN_LEFT_YELLOW,,gGGyyrrrrrgGGyyrrrrr
981,984,3,NS_GREEN,observed_reconstruction,228,NS_GREEN_THROUGH_ONLY,,gGGrrrrrrrgGGrrrrrrr
984,987,3,ALL_RED,observed_reconstruction,229,NS_YELLOW,NS_GREEN,yyyrrrrrrryyyrrrrrrr
987,988,1,ALL_RED,observed_reconstruction,230,ALL_RED,,rrrrrrrrrrrrrrrrrrrr
988,996,8,EW_GREEN,observed_reconstruction,231,EW_GREEN,,rrrrrgGGggrrrrrgGGgg
996,999,3,EW_GREEN,observed_reconstruction,232,EW_GREEN_LEFT_YELLOW,,rrrrrgGGyyrrrrrgGGyy
999,1002,3,EW_GREEN,observed_reconstruction,233,EW_GREEN_THROUGH_ONLY,,rrrrrgGGrrrrrrrgGGrr
1002,1005,3,ALL_RED,observed_reconstruction,234,EW_YELLOW,EW_GREEN,rrrrryyyrrrrrrryyyrr
1005,1007,2,ALL_RED,observed_reconstruction,235,ALL_RED,,rrrrrrrrrrrrrrrrrrrr
1007,1012,5,NS_GREEN,observed_reconstruction,236,NS_GREEN,,gGGggrrrrrgGGggrrrrr
1012,1015,3,NS_GREEN,observed_reconstruction,237,NS_GREEN_LEFT_YELLOW,,gGGyyrrrrrgGGyyrrrrr
1015,1018,3,NS_GREEN,observed_reconstruction,238,NS_GREEN_THROUGH_ONLY,,gGGrrrrrrrgGGrrrrrrr
1018,1021,3,ALL_RED,observed_reconstruction,239,NS_YELLOW,NS_GREEN,yyyrrrrrrryyyrrrrrrr
1021,1024,3,ALL_RED,observed_reconstruction,240,ALL_RED,,rrrrrrrrrrrrrrrrrrrr
1024,1029,5,EW_GREEN,observed_reconstruction,241,EW_GREEN,,rrrrrgGGggrrrrrgGGgg
1029,1032,3,EW_GREEN,observed_reconstruction,242,EW_GREEN_LEFT_YELLOW,,rrrrrgGGyyrrrrrgGGyy
1032,1035,3,EW_GREEN,observed_reconstruction,243,EW_GREEN_THROUGH_ONLY,,rrrrrgGGrrrrrrrgGGrr
1035,1038,3,ALL_RED,observed_reconstruction,244,EW_YELLOW,EW_GREEN,rrrrryyyrrrrrrryyyrr
1038,1042,4,ALL_RED,observed_reconstruction,245,ALL_RED,,rrrrrrrrrrrrrrrrrrrr
1042,1047,5,NS_GREEN,observed_reconstruction,246,NS_GREEN,,gGGggrrrrrgGGggrrrrr
1047,1050,3,NS_GREEN,observed_reconstruction,247,NS_GREEN_LEFT_YELLOW,,gGGyyrrrrrgGGyyrrrrr
1050,1053,3,NS_GREEN,observed_reconstruction,248,NS_GREEN_THROUGH_ONLY,,gGGrrrrrrrgGGrrrrrrr
1053,1056,3,ALL_RED,observed_reconstruction,249,NS_YELLOW,NS_GREEN,yyyrrrrrrryyyrrrrrrr
1056,1057,1,ALL_RED,observed_reconstruction,250,ALL_RED,,rrrrrrrrrrrrrrrrrrrr
1057,1063,6,EW_GREEN,observed_reconstruction,251,EW_GREEN,,rrrrrgGGggrrrrrgGGgg
1063,1066,3,EW_GREEN,observed_reconstruction,252,EW_GREEN_LEFT_YELLOW,,rrrrrgGGyyrrrrrgGGyy
1066,1069,3,EW_GREEN,observed_reconstruction,253,EW_GREEN_THROUGH_ONLY,,rrrrrgGGrrrrrrrgGGrr
1069,1072,3,ALL_RED,observed_reconstruction,254,EW_YELLOW,EW_GREEN,rrrrryyyrrrrrrryyyrr
1072,1077,5,ALL_RED,observed_reconstruction,255,ALL_RED,,rrrrrrrrrrrrrrrrrrrr
1077,1084,7,NS_GREEN,observed_reconstruction,256,NS_GREEN,,gGGggrrrrrgGGggrrrrr
1084,1087,3,NS_GREEN,observed_reconstruction,257,NS_GREEN_LEFT_YELLOW,,gGGyyrrrrrgGGyyrrrrr
1087,1090,3,NS_GREEN,observed_reconstruction,258,NS_GREEN_THROUGH_ONLY,,gGGrrrrrrrgGGrrrrrrr
1090,1093,3,ALL_RED,observed_reconstruction,259,NS_YELLOW,NS_GREEN,yyyrrrrrrryyyrrrrrrr
1093,1095,2,ALL_RED,observed_reconstruction,260,ALL_RED,,rrrrrrrrrrrrrrrrrrrr
1095,1099,4,EW_GREEN,observed_reconstruction,261,EW_GREEN_THROUGH_ONLY,,rrrrrgGGrrrrrrrgGGrr
1099,1102,3,ALL_RED,observed_reconstruction,262,EW_YELLOW,EW_GREEN,rrrrryyyrrrrrrryyyrr
1102,1103,1,ALL_RED,observed_reconstruction,263,ALL_RED,,rrrrrrrrrrrrrrrrrrrr
1103,1108,5,NS_GREEN,observed_reconstruction,264,NS_GREEN,,gGGggrrrrrgGGggrrrrr
1108,1111,3,NS_GREEN,observed_reconstruction,265,NS_GREEN_LEFT_YELLOW,,gGGyyrrrrrgGGyyrrrrr
1111,1114,3,NS_GREEN,observed_reconstruction,266,NS_GREEN_THROUGH_ONLY,,gGGrrrrrrrgGGrrrrrrr
1114,1117,3,ALL_RED,observed_reconstruction,267,NS_YELLOW,NS_GREEN,yyyrrrrrrryyyrrrrrrr
1117,1119,2,ALL_RED,observed_reconstruction,268,ALL_RED,,rrrrrrrrrrrrrrrrrrrr
1119,1131,12,EW_GREEN,observed_reconstruction,269,EW_GREEN,,rrrrrgGGggrrrrrgGGgg
1131,1134,3,EW_GREEN,observed_reconstruction,270,EW_GREEN_LEFT_YELLOW,,rrrrrgGGyyrrrrrgGGyy
1134,1137,3,EW_GREEN,observed_reconstruction,271,EW_GREEN_THROUGH_ONLY,,rrrrrgGGrrrrrrrgGGrr
1137,1140,3,ALL_RED,observed_reconstruction,272,EW_YELLOW,EW_GREEN,rrrrryyyrrrrrrryyyrr
1140,1142,2,ALL_RED,observed_reconstruction,273,ALL_RED,,rrrrrrrrrrrrrrrrrrrr
1142,1146,4,NS_GREEN,observed_reconstruction,274,NS_GREEN,,gGGggrrrrrgGGggrrrrr
1146,1149,3,NS_GREEN,observed_reconstruction,275,NS_GREEN_LEFT_YELLOW,,gGGyyrrrrrgGGyyrrrrr
1149,1152,3,NS_GREEN,observed_reconstruction,276,NS_GREEN_THROUGH_ONLY,,gGGrrrrrrrgGGrrrrrrr
1152,1155,3,ALL_RED,observed_reconstruction,277,NS_YELLOW,NS_GREEN,yyyrrrrrrryyyrrrrrrr
1155,1158,3,ALL_RED,observed_reconstruction,278,ALL_RED,,rrrrrrrrrrrrrrrrrrrr
1158,1167,9,EW_GREEN,observed_reconstruction,279,EW_GREEN,,rrrrrgGGggrrrrrgGGgg
1167,1170,3,EW_GREEN,observed_reconstruction,280,EW_GREEN_LEFT_YELLOW,,rrrrrgGGyyrrrrrgGGyy
1170,1173,3,EW_GREEN,observed_reconstruction,281,EW_GREEN_THROUGH_ONLY,,rrrrrgGGrrrrrrrgGGrr
1173,1176,3,ALL_RED,observed_reconstruction,282,EW_YELLOW,EW_GREEN,rrrrryyyrrrrrrryyyrr
1176,1178,2,ALL_RED,observed_reconstruction,283,ALL_RED,,rrrrrrrrrrrrrrrrrrrr
1178,1183,5,NS_GREEN,observed_reconstruction,284,NS_GREEN,,gGGggrrrrrgGGggrrrrr
1183,1186,3,NS_GREEN,observed_reconstruction,285,NS_GREEN_LEFT_YELLOW,,gGGyyrrrrrgGGyyrrrrr
1186,1189,3,NS_GREEN,observed_reconstruction,286,NS_GREEN_THROUGH_ONLY,,gGGrrrrrrrgGGrrrrrrr
1189,1192,3,ALL_RED,observed_reconstruction,287,NS_YELLOW,NS_GREEN,yyyrrrrrrryyyrrrrrrr
1192,1199,7,ALL_RED,observed_reconstruction,288,ALL_RED,,rrrrrrrrrrrrrrrrrrrr
1199,1207,8,EW_GREEN,observed_reconstruction,289,EW_GREEN,,rrrrrgGGggrrrrrgGGgg
1207,1210,3,EW_GREEN,observed_reconstruction,290,EW_GREEN_LEFT_YELLOW,,rrrrrgGGyyrrrrrgGGyy
1210,1213,3,EW_GREEN,observed_reconstruction,291,EW_GREEN_THROUGH_ONLY,,rrrrrgGGrrrrrrrgGGrr
1213,1216,3,ALL_RED,observed_reconstruction,292,EW_YELLOW,EW_GREEN,rrrrryyyrrrrrrryyyrr
1216,1217,1,ALL_RED,observed_reconstruction,293,ALL_RED,,rrrrrrrrrrrrrrrrrrrr
1217,1224,7,NS_GREEN,observed_reconstruction,294,NS_GREEN,,gGGggrrrrrgGGggrrrrr
1224,1227,3,NS_GREEN,observed_reconstruction,295,NS_GREEN_LEFT_YELLOW,,gGGyyrrrrrgGGyyrrrrr
1227,1230,3,NS_GREEN,observed_reconstruction,296,NS_GREEN_THROUGH_ONLY,,gGGrrrrrrrgGGrrrrrrr
1230,1233,3,ALL_RED,observed_reconstruction,297,NS_YELLOW,NS_GREEN,yyyrrrrrrryyyrrrrrrr
1233,1235,2,ALL_RED,observed_reconstruction,298,ALL_RED,,rrrrrrrrrrrrrrrrrrrr
1235,1244,9,EW_GREEN,observed_reconstruction,299,EW_GREEN,,rrrrrgGGggrrrrrgGGgg
1244,1247,3,EW_GREEN,observed_reconstruction,300,EW_GREEN_LEFT_YELLOW,,rrrrrgGGyyrrrrrgGGyy
1247,1250,3,EW_GREEN,observed_reconstruction,301,EW_GREEN_THROUGH_ONLY,,rrrrrgGGrrrrrrrgGGrr
1250,1253,3,ALL_RED,observed_reconstruction,302,EW_YELLOW,EW_GREEN,rrrrryyyrrrrrrryyyrr
1253,1257,4,ALL_RED,observed_reconstruction,303,ALL_RED,,rrrrrrrrrrrrrrrrrrrr
1257,1264,7,NS_GREEN,observed_reconstruction,304,NS_GREEN,,gGGggrrrrrgGGggrrrrr
1264,1267,3,NS_GREEN,observed_reconstruction,305,NS_GREEN_LEFT_YELLOW,,gGGyyrrrrrgGGyyrrrrr
1267,1270,3,NS_GREEN,observed_reconstruction,306,NS_GREEN_THROUGH_ONLY,,gGGrrrrrrrgGGrrrrrrr
1270,1273,3,ALL_RED,observed_reconstruction,307,NS_YELLOW,NS_GREEN,yyyrrrrrrryyyrrrrrrr
1273,1274,1,ALL_RED,observed_reconstruction,308,ALL_RED,,rrrrrrrrrrrrrrrrrrrr
1274,1282,8,EW_GREEN,observed_reconstruction,309,EW_GREEN,,rrrrrgGGggrrrrrgGGgg
1282,1285,3,EW_GREEN,observed_reconstruction,310,EW_GREEN_LEFT_YELLOW,,rrrrrgGGyyrrrrrgGGyy
1285,1288,3,EW_GREEN,observed_reconstruction,311,EW_GREEN_THROUGH_ONLY,,rrrrrgGGrrrrrrrgGGrr
1288,1291,3,ALL_RED,observed_reconstruction,312,EW_YELLOW,EW_GREEN,rrrrryyyrrrrrrryyyrr
1291,1294,3,ALL_RED,observed_reconstruction,313,ALL_RED,,rrrrrrrrrrrrrrrrrrrr
1294,1299,5,NS_GREEN,observed_reconstruction,314,NS_GREEN,,gGGggrrrrrgGGggrrrrr
1299,1302,3,NS_GREEN,observed_reconstruction,315,NS_GREEN_LEFT_YELLOW,,gGGyyrrrrrgGGyyrrrrr
1302,1305,3,NS_GREEN,observed_reconstruction,316,NS_GREEN_THROUGH_ONLY,,gGGrrrrrrrgGGrrrrrrr
1305,1308,3,ALL_RED,observed_reconstruction,317,NS_YELLOW,NS_GREEN,yyyrrrrrrryyyrrrrrrr
1308,1312,4,ALL_RED,observed_reconstruction,318,ALL_RED,,rrrrrrrrrrrrrrrrrrrr
1312,1318,6,EW_GREEN,observed_reconstruction,319,EW_GREEN_THROUGH_ONLY,,rrrrrgGGrrrrrrrgGGrr
1318,1321,3,ALL_RED,observed_reconstruction,320,EW_YELLOW,EW_GREEN,rrrrryyyrrrrrrryyyrr
1321,1322,1,ALL_RED,observed_reconstruction,321,ALL_RED,,rrrrrrrrrrrrrrrrrrrr
1322,1325,3,NS_GREEN,observed_reconstruction,322,NS_GREEN_THROUGH_ONLY,,gGGrrrrrrrgGGrrrrrrr
1325,1328,3,ALL_RED,observed_reconstruction,323,NS_YELLOW,NS_GREEN,yyyrrrrrrryyyrrrrrrr
1328,1329,1,ALL_RED,observed_reconstruction,324,ALL_RED,,rrrrrrrrrrrrrrrrrrrr
1329,1331,2,EW_GREEN,observed_reconstruction,325,EW_GREEN,,rrrrrgGGggrrrrrgGGgg
1331,1334,3,EW_GREEN,observed_reconstruction,326,EW_GREEN_LEFT_YELLOW,,rrrrrgGGyyrrrrrgGGyy
1334,1337,3,EW_GREEN,observed_reconstruction,327,EW_GREEN_THROUGH_ONLY,,rrrrrgGGrrrrrrrgGGrr
1337,1340,3,ALL_RED,observed_reconstruction,328,EW_YELLOW,EW_GREEN,rrrrryyyrrrrrrryyyrr
1340,1341,1,ALL_RED,observed_reconstruction,329,ALL_RED,,rrrrrrrrrrrrrrrrrrrr
1341,1344,3,NS_GREEN,observed_reconstruction,330,NS_GREEN_THROUGH_ONLY,,gGGrrrrrrrgGGrrrrrrr
1344,1347,3,ALL_RED,observed_reconstruction,331,NS_YELLOW,NS_GREEN,yyyrrrrrrryyyrrrrrrr
1347,1348,1,ALL_RED,observed_reconstruction,332,ALL_RED,,rrrrrrrrrrrrrrrrrrrr
1348,1357,9,EW_GREEN,observed_reconstruction,333,EW_GREEN,,rrrrrgGGggrrrrrgGGgg
1357,1360,3,EW_GREEN,observed_reconstruction,334,EW_GREEN_LEFT_YELLOW,,rrrrrgGGyyrrrrrgGGyy
1360,1363,3,EW_GREEN,observed_reconstruction,335,EW_GREEN_THROUGH_ONLY,,rrrrrgGGrrrrrrrgGGrr
1363,1366,3,ALL_RED,observed_reconstruction,336,EW_YELLOW,EW_GREEN,rrrrryyyrrrrrrryyyrr
1366,1369,3,ALL_RED,observed_reconstruction,337,ALL_RED,,rrrrrrrrrrrrrrrrrrrr
1369,1372,3,NS_GREEN,observed_reconstruction,338,NS_GREEN,,gGGggrrrrrgGGggrrrrr
1372,1375,3,NS_GREEN,observed_reconstruction,339,NS_GREEN_LEFT_YELLOW,,gGGyyrrrrrgGGyyrrrrr
1375,1378,3,NS_GREEN,observed_reconstruction,340,NS_GREEN_THROUGH_ONLY,,gGGrrrrrrrgGGrrrrrrr
1378,1381,3,ALL_RED,observed_reconstruction,341,NS_YELLOW,NS_GREEN,yyyrrrrrrryyyrrrrrrr
1381,1384,3,ALL_RED,observed_reconstruction,342,ALL_RED,,rrrrrrrrrrrrrrrrrrrr
1384,1388,4,EW_GREEN,observed_reconstruction,343,EW_GREEN,,rrrrrgGGggrrrrrgGGgg
1388,1391,3,EW_GREEN,observed_reconstruction,344,EW_GREEN_LEFT_YELLOW,,rrrrrgGGyyrrrrrgGGyy
1391,1394,3,EW_GREEN,observed_reconstruction,345,EW_GREEN_THROUGH_ONLY,,rrrrrgGGrrrrrrrgGGrr
1394,1397,3,ALL_RED,observed_reconstruction,346,EW_YELLOW,EW_GREEN,rrrrryyyrrrrrrryyyrr
1397,1398,1,ALL_RED,observed_reconstruction,347,ALL_RED,,rrrrrrrrrrrrrrrrrrrr
1398,1401,3,NS_GREEN,observed_reconstruction,348,NS_GREEN,,gGGggrrrrrgGGggrrrrr
1401,1404,3,NS_GREEN,observed_reconstruction,349,NS_GREEN_LEFT_YELLOW,,gGGyyrrrrrgGGyyrrrrr
1404,1407,3,NS_GREEN,observed_reconstruction,350,NS_GREEN_THROUGH_ONLY,,gGGrrrrrrrgGGrrrrrrr
1407,1410,3,ALL_RED,observed_reconstruction,351,NS_YELLOW,NS_GREEN,yyyrrrrrrryyyrrrrrrr
1410,1417,7,ALL_RED,observed_reconstruction,352,ALL_RED,,rrrrrrrrrrrrrrrrrrrr
1417,1419,2,EW_GREEN,observed_reconstruction,353,EW_GREEN,,rrrrrgGGggrrrrrgGGgg
1419,1422,3,EW_GREEN,observed_reconstruction,354,EW_GREEN_LEFT_YELLOW,,rrrrrgGGyyrrrrrgGGyy
1422,1425,3,EW_GREEN,observed_reconstruction,355,EW_GREEN_THROUGH_ONLY,,rrrrrgGGrrrrrrrgGGrr
1425,1428,3,ALL_RED,observed_reconstruction,356,EW_YELLOW,EW_GREEN,rrrrryyyrrrrrrryyyrr
1428,1429,1,ALL_RED,observed_reconstruction,357,ALL_RED,,rrrrrrrrrrrrrrrrrrrr
1429,1430,1,NS_GREEN,observed_reconstruction,358,NS_GREEN,,gGGggrrrrrgGGggrrrrr
1430,1433,3,NS_GREEN,observed_reconstruction,359,NS_GREEN_LEFT_YELLOW,,gGGyyrrrrrgGGyyrrrrr
1433,1436,3,NS_GREEN,observed_reconstruction,360,NS_GREEN_THROUGH_ONLY,,gGGrrrrrrrgGGrrrrrrr
1436,1439,3,ALL_RED,observed_reconstruction,361,NS_YELLOW,NS_GREEN,yyyrrrrrrryyyrrrrrrr
1439,1444,5,ALL_RED,observed_reconstruction,362,ALL_RED,,rrrrrrrrrrrrrrrrrrrr
1444,1450,6,EW_GREEN,observed_reconstruction,363,EW_GREEN,,rrrrrgGGggrrrrrgGGgg
1450,1453,3,EW_GREEN,observed_reconstruction,364,EW_GREEN_LEFT_YELLOW,,rrrrrgGGyyrrrrrgGGyy
1453,1456,3,EW_GREEN,observed_reconstruction,365,EW_GREEN_THROUGH_ONLY,,rrrrrgGGrrrrrrrgGGrr
1456,1459,3,ALL_RED,observed_reconstruction,366,EW_YELLOW,EW_GREEN,rrrrryyyrrrrrrryyyrr
1459,1460,1,ALL_RED,observed_reconstruction,367,ALL_RED,,rrrrrrrrrrrrrrrrrrrr
1460,1464,4,NS_GREEN,observed_reconstruction,368,NS_GREEN,,gGGggrrrrrgGGggrrrrr
1464,1467,3,NS_GREEN,observed_reconstruction,369,NS_GREEN_LEFT_YELLOW,,gGGyyrrrrrgGGyyrrrrr
1467,1470,3,NS_GREEN,observed_reconstruction,370,NS_GREEN_THROUGH_ONLY,,gGGrrrrrrrgGGrrrrrrr
1470,1473,3,ALL_RED,observed_reconstruction,371,NS_YELLOW,NS_GREEN,yyyrrrrrrryyyrrrrrrr
1473,1481,8,ALL_RED,observed_reconstruction,372,ALL_RED,,rrrrrrrrrrrrrrrrrrrr
1481,1491,10,EW_GREEN,observed_reconstruction,373,EW_GREEN,,rrrrrgGGggrrrrrgGGgg
1491,1494,3,EW_GREEN,observed_reconstruction,374,EW_GREEN_LEFT_YELLOW,,rrrrrgGGyyrrrrrgGGyy
1494,1497,3,EW_GREEN,observed_reconstruction,375,EW_GREEN_THROUGH_ONLY,,rrrrrgGGrrrrrrrgGGrr
1497,1500,3,ALL_RED,observed_reconstruction,376,EW_YELLOW,EW_GREEN,rrrrryyyrrrrrrryyyrr
1500,1502,2,ALL_RED,observed_reconstruction,377,ALL_RED,,rrrrrrrrrrrrrrrrrrrr
1502,1505,3,NS_GREEN,observed_reconstruction,378,NS_GREEN,,gGGggrrrrrgGGggrrrrr
1505,1508,3,NS_GREEN,observed_reconstruction,379,NS_GREEN_LEFT_YELLOW,,gGGyyrrrrrgGGyyrrrrr
1508,1511,3,NS_GREEN,observed_reconstruction,380,NS_GREEN_THROUGH_ONLY,,gGGrrrrrrrgGGrrrrrrr
1511,1514,3,ALL_RED,observed_reconstruction,381,NS_YELLOW,NS_GREEN,yyyrrrrrrryyyrrrrrrr
1514,1521,7,ALL_RED,observed_reconstruction,382,ALL_RED,,rrrrrrrrrrrrrrrrrrrr
1521,1525,4,EW_GREEN,observed_reconstruction,383,EW_GREEN,,rrrrrgGGggrrrrrgGGgg
1525,1528,3,EW_GREEN,observed_reconstruction,384,EW_GREEN_LEFT_YELLOW,,rrrrrgGGyyrrrrrgGGyy
1528,1531,3,EW_GREEN,observed_reconstruction,385,EW_GREEN_THROUGH_ONLY,,rrrrrgGGrrrrrrrgGGrr
1531,1534,3,ALL_RED,observed_reconstruction,386,EW_YELLOW,EW_GREEN,rrrrryyyrrrrrrryyyrr
1534,1536,2,ALL_RED,observed_reconstruction,387,ALL_RED,,rrrrrrrrrrrrrrrrrrrr
1536,1541,5,NS_GREEN,observed_reconstruction,388,NS_GREEN,,gGGggrrrrrgGGggrrrrr
1541,1544,3,NS_GREEN,observed_reconstruction,389,NS_GREEN_LEFT_YELLOW,,gGGyyrrrrrgGGyyrrrrr
1544,1547,3,NS_GREEN,observed_reconstruction,390,NS_GREEN_THROUGH_ONLY,,gGGrrrrrrrgGGrrrrrrr
1547,1550,3,ALL_RED,observed_reconstruction,391,NS_YELLOW,NS_GREEN,yyyrrrrrrryyyrrrrrrr
1550,1551,1,ALL_RED,observed_reconstruction,392,ALL_RED,,rrrrrrrrrrrrrrrrrrrr
1551,1561,10,EW_GREEN,observed_reconstruction,393,EW_GREEN,,rrrrrgGGggrrrrrgGGgg
1561,1564,3,EW_GREEN,observed_reconstruction,394,EW_GREEN_LEFT_YELLOW,,rrrrrgGGyyrrrrrgGGyy
1564,1567,3,EW_GREEN,observed_reconstruction,395,EW_GREEN_THROUGH_ONLY,,rrrrrgGGrrrrrrrgGGrr
1567,1570,3,ALL_RED,observed_reconstruction,396,EW_YELLOW,EW_GREEN,rrrrryyyrrrrrrryyyrr
1570,1571,1,ALL_RED,observed_reconstruction,397,ALL_RED,,rrrrrrrrrrrrrrrrrrrr
1571,1576,5,NS_GREEN,observed_reconstruction,398,NS_GREEN,,gGGggrrrrrgGGggrrrrr
1576,1579,3,NS_GREEN,observed_reconstruction,399,NS_GREEN_LEFT_YELLOW,,gGGyyrrrrrgGGyyrrrrr
1579,1582,3,NS_GREEN,observed_reconstruction,400,NS_GREEN_THROUGH_ONLY,,gGGrrrrrrrgGGrrrrrrr
1582,1585,3,ALL_RED,observed_reconstruction,401,NS_YELLOW,NS_GREEN,yyyrrrrrrryyyrrrrrrr
1585,1592,7,ALL_RED,observed_reconstruction,402,ALL_RED,,rrrrrrrrrrrrrrrrrrrr
1592,1597,5,EW_GREEN,observed_reconstruction,403,EW_GREEN_THROUGH_ONLY,,rrrrrgGGrrrrrrrgGGrr
1597,1600,3,ALL_RED,observed_reconstruction,404,EW_YELLOW,EW_GREEN,rrrrryyyrrrrrrryyyrr
1600,1601,1,ALL_RED,observed_reconstruction,405,ALL_RED,,rrrrrrrrrrrrrrrrrrrr
1601,1604,3,NS_GREEN,observed_reconstruction,406,NS_GREEN,,gGGggrrrrrgGGggrrrrr
1604,1607,3,NS_GREEN,observed_reconstruction,407,NS_GREEN_LEFT_YELLOW,,gGGyyrrrrrgGGyyrrrrr
1607,1610,3,NS_GREEN,observed_reconstruction,408,NS_GREEN_THROUGH_ONLY,,gGGrrrrrrrgGGrrrrrrr
1610,1613,3,ALL_RED,observed_reconstruction,409,NS_YELLOW,NS_GREEN,yyyrrrrrrryyyrrrrrrr
1613,1614,1,ALL_RED,observed_reconstruction,410,ALL_RED,,rrrrrrrrrrrrrrrrrrrr
1614,1617,3,EW_GREEN,observed_reconstruction,411,EW_GREEN,,rrrrrgGGggrrrrrgGGgg
1617,1620,3,EW_GREEN,observed_reconstruction,412,EW_GREEN_LEFT_YELLOW,,rrrrrgGGyyrrrrrgGGyy
1620,1623,3,EW_GREEN,observed_reconstruction,413,EW_GREEN_THROUGH_ONLY,,rrrrrgGGrrrrrrrgGGrr
1623,1626,3,ALL_RED,observed_reconstruction,414,EW_YELLOW,EW_GREEN,rrrrryyyrrrrrrryyyrr
1626,1633,7,ALL_RED,observed_reconstruction,415,ALL_RED,,rrrrrrrrrrrrrrrrrrrr
1633,1637,4,EW_GREEN,observed_reconstruction,416,EW_GREEN,,rrrrrgGGggrrrrrgGGgg
1637,1640,3,EW_GREEN,observed_reconstruction,417,EW_GREEN_LEFT_YELLOW,,rrrrrgGGyyrrrrrgGGyy
1640,1643,3,EW_GREEN,observed_reconstruction,418,EW_GREEN_THROUGH_ONLY,,rrrrrgGGrrrrrrrgGGrr
1643,1646,3,ALL_RED,observed_reconstruction,419,EW_YELLOW,EW_GREEN,rrrrryyyrrrrrrryyyrr
1646,1647,1,ALL_RED,observed_reconstruction,420,ALL_RED,,rrrrrrrrrrrrrrrrrrrr
1647,1650,3,NS_GREEN,observed_reconstruction,421,NS_GREEN,,gGGggrrrrrgGGggrrrrr
1650,1653,3,NS_GREEN,observed_reconstruction,422,NS_GREEN_LEFT_YELLOW,,gGGyyrrrrrgGGyyrrrrr
1653,1656,3,NS_GREEN,observed_reconstruction,423,NS_GREEN_THROUGH_ONLY,,gGGrrrrrrrgGGrrrrrrr
1656,1659,3,ALL_RED,observed_reconstruction,424,NS_YELLOW,NS_GREEN,yyyrrrrrrryyyrrrrrrr
1659,1660,1,ALL_RED,observed_reconstruction,425,ALL_RED,,rrrrrrrrrrrrrrrrrrrr
1660,1661,1,EW_GREEN,observed_reconstruction,426,EW_GREEN,,rrrrrgGGggrrrrrgGGgg
1661,1664,3,EW_GREEN,observed_reconstruction,427,EW_GREEN_LEFT_YELLOW,,rrrrrgGGyyrrrrrgGGyy
1664,1667,3,EW_GREEN,observed_reconstruction,428,EW_GREEN_THROUGH_ONLY,,rrrrrgGGrrrrrrrgGGrr
1667,1670,3,ALL_RED,observed_reconstruction,429,EW_YELLOW,EW_GREEN,rrrrryyyrrrrrrryyyrr
1670,1671,1,ALL_RED,observed_reconstruction,430,ALL_RED,,rrrrrrrrrrrrrrrrrrrr
1671,1677,6,NS_GREEN,observed_reconstruction,431,NS_GREEN,,gGGggrrrrrgGGggrrrrr
1677,1680,3,NS_GREEN,observed_reconstruction,432,NS_GREEN_LEFT_YELLOW,,gGGyyrrrrrgGGyyrrrrr
1680,1683,3,NS_GREEN,observed_reconstruction,433,NS_GREEN_THROUGH_ONLY,,gGGrrrrrrrgGGrrrrrrr
1683,1686,3,ALL_RED,observed_reconstruction,434,NS_YELLOW,NS_GREEN,yyyrrrrrrryyyrrrrrrr
1686,1693,7,ALL_RED,observed_reconstruction,435,ALL_RED,,rrrrrrrrrrrrrrrrrrrr
1693,1694,1,EW_GREEN,observed_reconstruction,436,EW_GREEN,,rrrrrgGGggrrrrrgGGgg
1694,1697,3,EW_GREEN,observed_reconstruction,437,EW_GREEN_LEFT_YELLOW,,rrrrrgGGyyrrrrrgGGyy
1697,1700,3,EW_GREEN,observed_reconstruction,438,EW_GREEN_THROUGH_ONLY,,rrrrrgGGrrrrrrrgGGrr
1700,1703,3,ALL_RED,observed_reconstruction,439,EW_YELLOW,EW_GREEN,rrrrryyyrrrrrrryyyrr
1703,1704,1,ALL_RED,observed_reconstruction,440,ALL_RED,,rrrrrrrrrrrrrrrrrrrr
1704,1707,3,NS_GREEN,observed_reconstruction,441,NS_GREEN,,gGGggrrrrrgGGggrrrrr
1707,1710,3,NS_GREEN,observed_reconstruction,442,NS_GREEN_LEFT_YELLOW,,gGGyyrrrrrgGGyyrrrrr
1710,1713,3,NS_GREEN,observed_reconstruction,443,NS_GREEN_THROUGH_ONLY,,gGGrrrrrrrgGGrrrrrrr
1713,1716,3,ALL_RED,observed_reconstruction,444,NS_YELLOW,NS_GREEN,yyyrrrrrrryyyrrrrrrr
1716,1722,6,ALL_RED,observed_reconstruction,445,ALL_RED,,rrrrrrrrrrrrrrrrrrrr
1722,1733,11,EW_GREEN,observed_reconstruction,446,EW_GREEN,,rrrrrgGGggrrrrrgGGgg
1733,1736,3,EW_GREEN,observed_reconstruction,447,EW_GREEN_LEFT_YELLOW,,rrrrrgGGyyrrrrrgGGyy
1736,1739,3,EW_GREEN,observed_reconstruction,448,EW_GREEN_THROUGH_ONLY,,rrrrrgGGrrrrrrrgGGrr
1739,1742,3,ALL_RED,observed_reconstruction,449,EW_YELLOW,EW_GREEN,rrrrryyyrrrrrrryyyrr
1742,1743,1,ALL_RED,observed_reconstruction,450,ALL_RED,,rrrrrrrrrrrrrrrrrrrr
1743,1746,3,NS_GREEN,observed_reconstruction,451,NS_GREEN,,gGGggrrrrrgGGggrrrrr
1746,1749,3,NS_GREEN,observed_reconstruction,452,NS_GREEN_LEFT_YELLOW,,gGGyyrrrrrgGGyyrrrrr
1749,1752,3,NS_GREEN,observed_reconstruction,453,NS_GREEN_THROUGH_ONLY,,gGGrrrrrrrgGGrrrrrrr
1752,1755,3,ALL_RED,observed_reconstruction,454,NS_YELLOW,NS_GREEN,yyyrrrrrrryyyrrrrrrr
1755,1756,1,ALL_RED,observed_reconstruction,455,ALL_RED,,rrrrrrrrrrrrrrrrrrrr
1756,1761,5,EW_GREEN,observed_reconstruction,456,EW_GREEN_THROUGH_ONLY,,rrrrrgGGrrrrrrrgGGrr
1761,1764,3,ALL_RED,observed_reconstruction,457,EW_YELLOW,EW_GREEN,rrrrryyyrrrrrrryyyrr
1764,1765,1,ALL_RED,observed_reconstruction,458,ALL_RED,,rrrrrrrrrrrrrrrrrrrr
1765,1769,4,NS_GREEN,observed_reconstruction,459,NS_GREEN,,gGGggrrrrrgGGggrrrrr
1769,1772,3,NS_GREEN,observed_reconstruction,460,NS_GREEN_LEFT_YELLOW,,gGGyyrrrrrgGGyyrrrrr
1772,1775,3,NS_GREEN,observed_reconstruction,461,NS_GREEN_THROUGH_ONLY,,gGGrrrrrrrgGGrrrrrrr
1775,1778,3,ALL_RED,observed_reconstruction,462,NS_YELLOW,NS_GREEN,yyyrrrrrrryyyrrrrrrr
1778,1780,2,ALL_RED,observed_reconstruction,463,ALL_RED,,rrrrrrrrrrrrrrrrrrrr
1780,1794,14,EW_GREEN,observed_reconstruction,464,EW_GREEN,,rrrrrgGGggrrrrrgGGgg
1794,1797,3,EW_GREEN,observed_reconstruction,465,EW_GREEN_LEFT_YELLOW,,rrrrrgGGyyrrrrrgGGyy
1797,1800,3,EW_GREEN,observed_reconstruction,466,EW_GREEN_THROUGH_ONLY,,rrrrrgGGrrrrrrrgGGrr
1800,1803,3,ALL_RED,observed_reconstruction,467,EW_YELLOW,EW_GREEN,rrrrryyyrrrrrrryyyrr
1803,1804,1,ALL_RED,observed_reconstruction,468,ALL_RED,,rrrrrrrrrrrrrrrrrrrr
1804,1808,4,NS_GREEN,observed_reconstruction,469,NS_GREEN,,gGGggrrrrrgGGggrrrrr
1808,1811,3,NS_GREEN,observed_reconstruction,470,NS_GREEN_LEFT_YELLOW,,gGGyyrrrrrgGGyyrrrrr
1811,1814,3,NS_GREEN,observed_reconstruction,471,NS_GREEN_THROUGH_ONLY,,gGGrrrrrrrgGGrrrrrrr
1814,1817,3,ALL_RED,observed_reconstruction,472,NS_YELLOW,NS_GREEN,yyyrrrrrrryyyrrrrrrr
1817,1825,8,ALL_RED,observed_reconstruction,473,ALL_RED,,rrrrrrrrrrrrrrrrrrrr
1825,1829,4,NS_GREEN,observed_reconstruction,474,NS_GREEN,,gGGggrrrrrgGGggrrrrr
1829,1832,3,NS_GREEN,observed_reconstruction,475,NS_GREEN_LEFT_YELLOW,,gGGyyrrrrrgGGyyrrrrr
1832,1835,3,NS_GREEN,observed_reconstruction,476,NS_GREEN_THROUGH_ONLY,,gGGrrrrrrrgGGrrrrrrr
1835,1838,3,ALL_RED,observed_reconstruction,477,NS_YELLOW,NS_GREEN,yyyrrrrrrryyyrrrrrrr
1838,1840,2,ALL_RED,observed_reconstruction,478,ALL_RED,,rrrrrrrrrrrrrrrrrrrr
1840,1846,6,EW_GREEN,observed_reconstruction,479,EW_GREEN_THROUGH_ONLY,,rrrrrgGGrrrrrrrgGGrr
1846,1849,3,ALL_RED,observed_reconstruction,480,EW_YELLOW,EW_GREEN,rrrrryyyrrrrrrryyyrr
1849,1850,1,ALL_RED,observed_reconstruction,481,ALL_RED,,rrrrrrrrrrrrrrrrrrrr
1850,1854,4,NS_GREEN,observed_reconstruction,482,NS_GREEN_THROUGH_ONLY,,gGGrrrrrrrgGGrrrrrrr
1854,1857,3,ALL_RED,observed_reconstruction,483,NS_YELLOW,NS_GREEN,yyyrrrrrrryyyrrrrrrr
1857,1858,1,ALL_RED,observed_reconstruction,484,ALL_RED,,rrrrrrrrrrrrrrrrrrrr
1858,1868,10,EW_GREEN,observed_reconstruction,485,EW_GREEN,,rrrrrgGGggrrrrrgGGgg
1868,1871,3,EW_GREEN,observed_reconstruction,486,EW_GREEN_LEFT_YELLOW,,rrrrrgGGyyrrrrrgGGyy
1871,1874,3,EW_GREEN,observed_reconstruction,487,EW_GREEN_THROUGH_ONLY,,rrrrrgGGrrrrrrrgGGrr
1874,1877,3,ALL_RED,observed_reconstruction,488,EW_YELLOW,EW_GREEN,rrrrryyyrrrrrrryyyrr
1877,1879,2,ALL_RED,observed_reconstruction,489,ALL_RED,,rrrrrrrrrrrrrrrrrrrr
1879,1884,5,NS_GREEN,observed_reconstruction,490,NS_GREEN,,gGGggrrrrrgGGggrrrrr
1884,1887,3,NS_GREEN,observed_reconstruction,491,NS_GREEN_LEFT_YELLOW,,gGGyyrrrrrgGGyyrrrrr
1887,1890,3,NS_GREEN,observed_reconstruction,492,NS_GREEN_THROUGH_ONLY,,gGGrrrrrrrgGGrrrrrrr
1890,1893,3,ALL_RED,observed_reconstruction,493,NS_YELLOW,NS_GREEN,yyyrrrrrrryyyrrrrrrr
1893,1898,5,ALL_RED,observed_reconstruction,494,ALL_RED,,rrrrrrrrrrrrrrrrrrrr
1898,1909,11,EW_GREEN,observed_reconstruction,495,EW_GREEN,,rrrrrgGGggrrrrrgGGgg
1909,1912,3,EW_GREEN,observed_reconstruction,496,EW_GREEN_LEFT_YELLOW,,rrrrrgGGyyrrrrrgGGyy
1912,1915,3,EW_GREEN,observed_reconstruction,497,EW_GREEN_THROUGH_ONLY,,rrrrrgGGrrrrrrrgGGrr
1915,1918,3,ALL_RED,observed_reconstruction,498,EW_YELLOW,EW_GREEN,rrrrryyyrrrrrrryyyrr
1918,1919,1,ALL_RED,observed_reconstruction,499,ALL_RED,,rrrrrrrrrrrrrrrrrrrr
1919,1924,5,NS_GREEN,observed_reconstruction,500,NS_GREEN,,gGGggrrrrrgGGggrrrrr
1924,1927,3,NS_GREEN,observed_reconstruction,501,NS_GREEN_LEFT_YELLOW,,gGGyyrrrrrgGGyyrrrrr
1927,1930,3,NS_GREEN,observed_reconstruction,502,NS_GREEN_THROUGH_ONLY,,gGGrrrrrrrgGGrrrrrrr
1930,1933,3,ALL_RED,observed_reconstruction,503,NS_YELLOW,NS_GREEN,yyyrrrrrrryyyrrrrrrr
1933,1941,8,ALL_RED,observed_reconstruction,504,ALL_RED,,rrrrrrrrrrrrrrrrrrrr
1941,1952,11,EW_GREEN,observed_reconstruction,505,EW_GREEN,,rrrrrgGGggrrrrrgGGgg
1952,1955,3,EW_GREEN,observed_reconstruction,506,EW_GREEN_LEFT_YELLOW,,rrrrrgGGyyrrrrrgGGyy
1955,1958,3,EW_GREEN,observed_reconstruction,507,EW_GREEN_THROUGH_ONLY,,rrrrrgGGrrrrrrrgGGrr
1958,1961,3,ALL_RED,observed_reconstruction,508,EW_YELLOW,EW_GREEN,rrrrryyyrrrrrrryyyrr
1961,1965,4,ALL_RED,observed_reconstruction,509,ALL_RED,,rrrrrrrrrrrrrrrrrrrr
1965,1969,4,NS_GREEN,observed_reconstruction,510,NS_GREEN,,gGGggrrrrrgGGggrrrrr
1969,1972,3,NS_GREEN,observed_reconstruction,511,NS_GREEN_LEFT_YELLOW,,gGGyyrrrrrgGGyyrrrrr
1972,1975,3,NS_GREEN,observed_reconstruction,512,NS_GREEN_THROUGH_ONLY,,gGGrrrrrrrgGGrrrrrrr
1975,1978,3,ALL_RED,observed_reconstruction,513,NS_YELLOW,NS_GREEN,yyyrrrrrrryyyrrrrrrr
1978,1986,8,ALL_RED,observed_reconstruction,514,ALL_RED,,rrrrrrrrrrrrrrrrrrrr
1986,1993,7,EW_GREEN,observed_reconstruction,515,EW_GREEN,,rrrrrgGGggrrrrrgGGgg
1993,1996,3,EW_GREEN,observed_reconstruction,516,EW_GREEN_LEFT_YELLOW,,rrrrrgGGyyrrrrrgGGyy
1996,1999,3,EW_GREEN,observed_reconstruction,517,EW_GREEN_THROUGH_ONLY,,rrrrrgGGrrrrrrrgGGrr
1999,2002,3,ALL_RED,observed_reconstruction,518,EW_YELLOW,EW_GREEN,rrrrryyyrrrrrrryyyrr
2002,2004,2,ALL_RED,observed_reconstruction,519,ALL_RED,,rrrrrrrrrrrrrrrrrrrr
2004,2009,5,NS_GREEN,observed_reconstruction,520,NS_GREEN,,gGGggrrrrrgGGggrrrrr
2009,2012,3,NS_GREEN,observed_reconstruction,521,NS_GREEN_LEFT_YELLOW,,gGGyyrrrrrgGGyyrrrrr
2012,2015,3,NS_GREEN,observed_reconstruction,522,NS_GREEN_THROUGH_ONLY,,gGGrrrrrrrgGGrrrrrrr
2015,2018,3,ALL_RED,observed_reconstruction,523,NS_YELLOW,NS_GREEN,yyyrrrrrrryyyrrrrrrr
2018,2026,8,ALL_RED,observed_reconstruction,524,ALL_RED,,rrrrrrrrrrrrrrrrrrrr
2026,2032,6,EW_GREEN,observed_reconstruction,525,EW_GREEN_THROUGH_ONLY,,rrrrrgGGrrrrrrrgGGrr
2032,2035,3,ALL_RED,observed_reconstruction,526,EW_YELLOW,EW_GREEN,rrrrryyyrrrrrrryyyrr
2035,2036,1,ALL_RED,observed_reconstruction,527,ALL_RED,,rrrrrrrrrrrrrrrrrrrr
2036,2042,6,NS_GREEN,observed_reconstruction,528,NS_GREEN,,gGGggrrrrrgGGggrrrrr
2042,2045,3,NS_GREEN,observed_reconstruction,529,NS_GREEN_LEFT_YELLOW,,gGGyyrrrrrgGGyyrrrrr
2045,2048,3,NS_GREEN,observed_reconstruction,530,NS_GREEN_THROUGH_ONLY,,gGGrrrrrrrgGGrrrrrrr
2048,2051,3,ALL_RED,observed_reconstruction,531,NS_YELLOW,NS_GREEN,yyyrrrrrrryyyrrrrrrr
2051,2059,8,ALL_RED,observed_reconstruction,532,ALL_RED,,rrrrrrrrrrrrrrrrrrrr
2059,2070,11,EW_GREEN,observed_reconstruction,533,EW_GREEN,,rrrrrgGGggrrrrrgGGgg
2070,2073,3,EW_GREEN,observed_reconstruction,534,EW_GREEN_LEFT_YELLOW,,rrrrrgGGyyrrrrrgGGyy
2073,2076,3,EW_GREEN,observed_reconstruction,535,EW_GREEN_THROUGH_ONLY,,rrrrrgGGrrrrrrrgGGrr
2076,2079,3,ALL_RED,observed_reconstruction,536,EW_YELLOW,EW_GREEN,rrrrryyyrrrrrrryyyrr
2079,2081,2,ALL_RED,observed_reconstruction,537,ALL_RED,,rrrrrrrrrrrrrrrrrrrr
2081,2089,8,NS_GREEN,observed_reconstruction,538,NS_GREEN,,gGGggrrrrrgGGggrrrrr
2089,2092,3,NS_GREEN,observed_reconstruction,539,NS_GREEN_LEFT_YELLOW,,gGGyyrrrrrgGGyyrrrrr
2092,2095,3,NS_GREEN,observed_reconstruction,540,NS_GREEN_THROUGH_ONLY,,gGGrrrrrrrgGGrrrrrrr
2095,2098,3,ALL_RED,observed_reconstruction,541,NS_YELLOW,NS_GREEN,yyyrrrrrrryyyrrrrrrr
2098,2107,9,ALL_RED,observed_reconstruction,542,ALL_RED,,rrrrrrrrrrrrrrrrrrrr
2107,2121,14,EW_GREEN,observed_reconstruction,543,EW_GREEN,,rrrrrgGGggrrrrrgGGgg
2121,2124,3,EW_GREEN,observed_reconstruction,544,EW_GREEN_LEFT_YELLOW,,rrrrrgGGyyrrrrrgGGyy
2124,2127,3,EW_GREEN,observed_reconstruction,545,EW_GREEN_THROUGH_ONLY,,rrrrrgGGrrrrrrrgGGrr
2127,2130,3,ALL_RED,observed_reconstruction,546,EW_YELLOW,EW_GREEN,rrrrryyyrrrrrrryyyrr
2130,2133,3,ALL_RED,observed_reconstruction,547,ALL_RED,,rrrrrrrrrrrrrrrrrrrr
2133,2141,8,NS_GREEN,observed_reconstruction,548,NS_GREEN,,gGGggrrrrrgGGggrrrrr
2141,2144,3,NS_GREEN,observed_reconstruction,549,NS_GREEN_LEFT_YELLOW,,gGGyyrrrrrgGGyyrrrrr
2144,2147,3,NS_GREEN,observed_reconstruction,550,NS_GREEN_THROUGH_ONLY,,gGGrrrrrrrgGGrrrrrrr
2147,2150,3,ALL_RED,observed_reconstruction,551,NS_YELLOW,NS_GREEN,yyyrrrrrrryyyrrrrrrr
2150,2161,11,ALL_RED,observed_reconstruction,552,ALL_RED,,rrrrrrrrrrrrrrrrrrrr
2161,2175,14,EW_GREEN,observed_reconstruction,553,EW_GREEN,,rrrrrgGGggrrrrrgGGgg
2175,2178,3,EW_GREEN,observed_reconstruction,554,EW_GREEN_LEFT_YELLOW,,rrrrrgGGyyrrrrrgGGyy
2178,2181,3,EW_GREEN,observed_reconstruction,555,EW_GREEN_THROUGH_ONLY,,rrrrrgGGrrrrrrrgGGrr
2181,2184,3,ALL_RED,observed_reconstruction,556,EW_YELLOW,EW_GREEN,rrrrryyyrrrrrrryyyrr
2184,2190,6,ALL_RED,observed_reconstruction,557,ALL_RED,,rrrrrrrrrrrrrrrrrrrr
2190,2197,7,NS_GREEN,observed_reconstruction,558,NS_GREEN,,gGGggrrrrrgGGggrrrrr
2197,2200,3,NS_GREEN,observed_reconstruction,559,NS_GREEN_LEFT_YELLOW,,gGGyyrrrrrgGGyyrrrrr
2200,2203,3,NS_GREEN,observed_reconstruction,560,NS_GREEN_THROUGH_ONLY,,gGGrrrrrrrgGGrrrrrrr
2203,2206,3,ALL_RED,observed_reconstruction,561,NS_YELLOW,NS_GREEN,yyyrrrrrrryyyrrrrrrr
2206,2218,12,ALL_RED,observed_reconstruction,562,ALL_RED,,rrrrrrrrrrrrrrrrrrrr
2218,2232,14,EW_GREEN,observed_reconstruction,563,EW_GREEN,,rrrrrgGGggrrrrrgGGgg
2232,2235,3,EW_GREEN,observed_reconstruction,564,EW_GREEN_LEFT_YELLOW,,rrrrrgGGyyrrrrrgGGyy
2235,2238,3,EW_GREEN,observed_reconstruction,565,EW_GREEN_THROUGH_ONLY,,rrrrrgGGrrrrrrrgGGrr
2238,2241,3,ALL_RED,observed_reconstruction,566,EW_YELLOW,EW_GREEN,rrrrryyyrrrrrrryyyrr
2241,2246,5,ALL_RED,observed_reconstruction,567,ALL_RED,,rrrrrrrrrrrrrrrrrrrr
2246,2252,6,NS_GREEN,observed_reconstruction,568,NS_GREEN,,gGGggrrrrrgGGggrrrrr
2252,2255,3,NS_GREEN,observed_reconstruction,569,NS_GREEN_LEFT_YELLOW,,gGGyyrrrrrgGGyyrrrrr
2255,2258,3,NS_GREEN,observed_reconstruction,570,NS_GREEN_THROUGH_ONLY,,gGGrrrrrrrgGGrrrrrrr
2258,2261,3,ALL_RED,observed_reconstruction,571,NS_YELLOW,NS_GREEN,yyyrrrrrrryyyrrrrrrr
2261,2266,5,ALL_RED,observed_reconstruction,572,ALL_RED,,rrrrrrrrrrrrrrrrrrrr
2266,2274,8,EW_GREEN,observed_reconstruction,573,EW_GREEN,,rrrrrgGGggrrrrrgGGgg
2274,2277,3,EW_GREEN,observed_reconstruction,574,EW_GREEN_LEFT_YELLOW,,rrrrrgGGyyrrrrrgGGyy
2277,2280,3,EW_GREEN,observed_reconstruction,575,EW_GREEN_THROUGH_ONLY,,rrrrrgGGrrrrrrrgGGrr
2280,2283,3,ALL_RED,observed_reconstruction,576,EW_YELLOW,EW_GREEN,rrrrryyyrrrrrrryyyrr
2283,2284,1,ALL_RED,observed_reconstruction,577,ALL_RED,,rrrrrrrrrrrrrrrrrrrr
2284,2288,4,NS_GREEN,observed_reconstruction,578,NS_GREEN,,gGGggrrrrrgGGggrrrrr
2288,2291,3,NS_GREEN,observed_reconstruction,579,NS_GREEN_LEFT_YELLOW,,gGGyyrrrrrgGGyyrrrrr
2291,2294,3,NS_GREEN,observed_reconstruction,580,NS_GREEN_THROUGH_ONLY,,gGGrrrrrrrgGGrrrrrrr
2294,2297,3,ALL_RED,observed_reconstruction,581,NS_YELLOW,NS_GREEN,yyyrrrrrrryyyrrrrrrr
2297,2301,4,ALL_RED,observed_reconstruction,582,ALL_RED,,rrrrrrrrrrrrrrrrrrrr
2301,2309,8,EW_GREEN,observed_reconstruction,583,EW_GREEN,,rrrrrgGGggrrrrrgGGgg
2309,2312,3,EW_GREEN,observed_reconstruction,584,EW_GREEN_LEFT_YELLOW,,rrrrrgGGyyrrrrrgGGyy
2312,2315,3,EW_GREEN,observed_reconstruction,585,EW_GREEN_THROUGH_ONLY,,rrrrrgGGrrrrrrrgGGrr
2315,2318,3,ALL_RED,observed_reconstruction,586,EW_YELLOW,EW_GREEN,rrrrryyyrrrrrrryyyrr
2318,2319,1,ALL_RED,observed_reconstruction,587,ALL_RED,,rrrrrrrrrrrrrrrrrrrr
2319,2323,4,NS_GREEN,observed_reconstruction,588,NS_GREEN,,gGGggrrrrrgGGggrrrrr
2323,2326,3,NS_GREEN,observed_reconstruction,589,NS_GREEN_LEFT_YELLOW,,gGGyyrrrrrgGGyyrrrrr
2326,2329,3,NS_GREEN,observed_reconstruction,590,NS_GREEN_THROUGH_ONLY,,gGGrrrrrrrgGGrrrrrrr
2329,2332,3,ALL_RED,observed_reconstruction,591,NS_YELLOW,NS_GREEN,yyyrrrrrrryyyrrrrrrr
2332,2336,4,ALL_RED,observed_reconstruction,592,ALL_RED,,rrrrrrrrrrrrrrrrrrrr
2336,2343,7,EW_GREEN,observed_reconstruction,593,EW_GREEN,,rrrrrgGGggrrrrrgGGgg
2343,2346,3,EW_GREEN,observed_reconstruction,594,EW_GREEN_LEFT_YELLOW,,rrrrrgGGyyrrrrrgGGyy
2346,2349,3,EW_GREEN,observed_reconstruction,595,EW_GREEN_THROUGH_ONLY,,rrrrrgGGrrrrrrrgGGrr
2349,2352,3,ALL_RED,observed_reconstruction,596,EW_YELLOW,EW_GREEN,rrrrryyyrrrrrrryyyrr
2352,2353,1,ALL_RED,observed_reconstruction,597,ALL_RED,,rrrrrrrrrrrrrrrrrrrr
2353,2357,4,NS_GREEN,observed_reconstruction,598,NS_GREEN,,gGGggrrrrrgGGggrrrrr
2357,2360,3,NS_GREEN,observed_reconstruction,599,NS_GREEN_LEFT_YELLOW,,gGGyyrrrrrgGGyyrrrrr
2360,2363,3,NS_GREEN,observed_reconstruction,600,NS_GREEN_THROUGH_ONLY,,gGGrrrrrrrgGGrrrrrrr
2363,2366,3,ALL_RED,observed_reconstruction,601,NS_YELLOW,NS_GREEN,yyyrrrrrrryyyrrrrrrr
2366,2371,5,ALL_RED,observed_reconstruction,602,ALL_RED,,rrrrrrrrrrrrrrrrrrrr
2371,2377,6,EW_GREEN,observed_reconstruction,603,EW_GREEN,,rrrrrgGGggrrrrrgGGgg
2377,2380,3,EW_GREEN,observed_reconstruction,604,EW_GREEN_LEFT_YELLOW,,rrrrrgGGyyrrrrrgGGyy
2380,2383,3,EW_GREEN,observed_reconstruction,605,EW_GREEN_THROUGH_ONLY,,rrrrrgGGrrrrrrrgGGrr
2383,2386,3,ALL_RED,observed_reconstruction,606,EW_YELLOW,EW_GREEN,rrrrryyyrrrrrrryyyrr
2386,2387,1,ALL_RED,observed_reconstruction,607,ALL_RED,,rrrrrrrrrrrrrrrrrrrr
2387,2393,6,NS_GREEN,observed_reconstruction,608,NS_GREEN,,gGGggrrrrrgGGggrrrrr
2393,2396,3,NS_GREEN,observed_reconstruction,609,NS_GREEN_LEFT_YELLOW,,gGGyyrrrrrgGGyyrrrrr
2396,2399,3,NS_GREEN,observed_reconstruction,610,NS_GREEN_THROUGH_ONLY,,gGGrrrrrrrgGGrrrrrrr
2399,2402,3,ALL_RED,observed_reconstruction,611,NS_YELLOW,NS_GREEN,yyyrrrrrrryyyrrrrrrr
2402,2407,5,ALL_RED,observed_reconstruction,612,ALL_RED,,rrrrrrrrrrrrrrrrrrrr
2407,2413,6,EW_GREEN,observed_reconstruction,613,EW_GREEN,,rrrrrgGGggrrrrrgGGgg
2413,2416,3,EW_GREEN,observed_reconstruction,614,EW_GREEN_LEFT_YELLOW,,rrrrrgGGyyrrrrrgGGyy
2416,2419,3,EW_GREEN,observed_reconstruction,615,EW_GREEN_THROUGH_ONLY,,rrrrrgGGrrrrrrrgGGrr
2419,2422,3,ALL_RED,observed_reconstruction,616,EW_YELLOW,EW_GREEN,rrrrryyyrrrrrrryyyrr
2422,2424,2,ALL_RED,observed_reconstruction,617,ALL_RED,,rrrrrrrrrrrrrrrrrrrr
2424,2428,4,NS_GREEN,observed_reconstruction,618,NS_GREEN,,gGGggrrrrrgGGggrrrrr
2428,2431,3,NS_GREEN,observed_reconstruction,619,NS_GREEN_LEFT_YELLOW,,gGGyyrrrrrgGGyyrrrrr
2431,2434,3,NS_GREEN,observed_reconstruction,620,NS_GREEN_THROUGH_ONLY,,gGGrrrrrrrgGGrrrrrrr
2434,2437,3,ALL_RED,observed_reconstruction,621,NS_YELLOW,NS_GREEN,yyyrrrrrrryyyrrrrrrr
2437,2442,5,ALL_RED,observed_reconstruction,622,ALL_RED,,rrrrrrrrrrrrrrrrrrrr
2442,2449,7,EW_GREEN,observed_reconstruction,623,EW_GREEN,,rrrrrgGGggrrrrrgGGgg
2449,2452,3,EW_GREEN,observed_reconstruction,624,EW_GREEN_LEFT_YELLOW,,rrrrrgGGyyrrrrrgGGyy
2452,2455,3,EW_GREEN,observed_reconstruction,625,EW_GREEN_THROUGH_ONLY,,rrrrrgGGrrrrrrrgGGrr
2455,2458,3,ALL_RED,observed_reconstruction,626,EW_YELLOW,EW_GREEN,rrrrryyyrrrrrrryyyrr
2458,2459,1,ALL_RED,observed_reconstruction,627,ALL_RED,,rrrrrrrrrrrrrrrrrrrr
2459,2461,2,NS_GREEN,observed_reconstruction,628,NS_GREEN,,gGGggrrrrrgGGggrrrrr
2461,2464,3,NS_GREEN,observed_reconstruction,629,NS_GREEN_LEFT_YELLOW,,gGGyyrrrrrgGGyyrrrrr
2464,2467,3,NS_GREEN,observed_reconstruction,630,NS_GREEN_THROUGH_ONLY,,gGGrrrrrrrgGGrrrrrrr
2467,2470,3,ALL_RED,observed_reconstruction,631,NS_YELLOW,NS_GREEN,yyyrrrrrrryyyrrrrrrr
2470,2475,5,ALL_RED,observed_reconstruction,632,ALL_RED,,rrrrrrrrrrrrrrrrrrrr
2475,2479,4,EW_GREEN,observed_reconstruction,633,EW_GREEN_THROUGH_ONLY,,rrrrrgGGrrrrrrrgGGrr
2479,2482,3,ALL_RED,observed_reconstruction,634,EW_YELLOW,EW_GREEN,rrrrryyyrrrrrrryyyrr
2482,2483,1,ALL_RED,observed_reconstruction,635,ALL_RED,,rrrrrrrrrrrrrrrrrrrr
2483,2486,3,NS_GREEN,observed_reconstruction,636,NS_GREEN,,gGGggrrrrrgGGggrrrrr
2486,2489,3,NS_GREEN,observed_reconstruction,637,NS_GREEN_LEFT_YELLOW,,gGGyyrrrrrgGGyyrrrrr
2489,2492,3,NS_GREEN,observed_reconstruction,638,NS_GREEN_THROUGH_ONLY,,gGGrrrrrrrgGGrrrrrrr
2492,2495,3,ALL_RED,observed_reconstruction,639,NS_YELLOW,NS_GREEN,yyyrrrrrrryyyrrrrrrr
2495,2501,6,ALL_RED,observed_reconstruction,640,ALL_RED,,rrrrrrrrrrrrrrrrrrrr
2501,2505,4,EW_GREEN,observed_reconstruction,641,EW_GREEN_THROUGH_ONLY,,rrrrrgGGrrrrrrrgGGrr
2505,2508,3,ALL_RED,observed_reconstruction,642,EW_YELLOW,EW_GREEN,rrrrryyyrrrrrrryyyrr
2508,2509,1,ALL_RED,observed_reconstruction,643,ALL_RED,,rrrrrrrrrrrrrrrrrrrr
2509,2510,1,EW_GREEN,observed_reconstruction,644,EW_GREEN,,rrrrrgGGggrrrrrgGGgg
2510,2513,3,EW_GREEN,observed_reconstruction,645,EW_GREEN_LEFT_YELLOW,,rrrrrgGGyyrrrrrgGGyy
2513,2516,3,EW_GREEN,observed_reconstruction,646,EW_GREEN_THROUGH_ONLY,,rrrrrgGGrrrrrrrgGGrr
2516,2519,3,ALL_RED,observed_reconstruction,647,EW_YELLOW,EW_GREEN,rrrrryyyrrrrrrryyyrr
2519,2522,3,ALL_RED,observed_reconstruction,648,ALL_RED,,rrrrrrrrrrrrrrrrrrrr
2522,2524,2,NS_GREEN,observed_reconstruction,649,NS_GREEN,,gGGggrrrrrgGGggrrrrr
2524,2527,3,NS_GREEN,observed_reconstruction,650,NS_GREEN_LEFT_YELLOW,,gGGyyrrrrrgGGyyrrrrr
2527,2530,3,NS_GREEN,observed_reconstruction,651,NS_GREEN_THROUGH_ONLY,,gGGrrrrrrrgGGrrrrrrr
2530,2533,3,ALL_RED,observed_reconstruction,652,NS_YELLOW,NS_GREEN,yyyrrrrrrryyyrrrrrrr
2533,2539,6,ALL_RED,observed_reconstruction,653,ALL_RED,,rrrrrrrrrrrrrrrrrrrr
2539,2546,7,EW_GREEN,observed_reconstruction,654,EW_GREEN,,rrrrrgGGggrrrrrgGGgg
2546,2549,3,EW_GREEN,observed_reconstruction,655,EW_GREEN_LEFT_YELLOW,,rrrrrgGGyyrrrrrgGGyy
2549,2552,3,EW_GREEN,observed_reconstruction,656,EW_GREEN_THROUGH_ONLY,,rrrrrgGGrrrrrrrgGGrr
2552,2555,3,ALL_RED,observed_reconstruction,657,EW_YELLOW,EW_GREEN,rrrrryyyrrrrrrryyyrr
2555,2556,1,ALL_RED,observed_reconstruction,658,ALL_RED,,rrrrrrrrrrrrrrrrrrrr
2556,2559,3,NS_GREEN,observed_reconstruction,659,NS_GREEN,,gGGggrrrrrgGGggrrrrr
2559,2562,3,NS_GREEN,observed_reconstruction,660,NS_GREEN_LEFT_YELLOW,,gGGyyrrrrrgGGyyrrrrr
2562,2565,3,NS_GREEN,observed_reconstruction,661,NS_GREEN_THROUGH_ONLY,,gGGrrrrrrrgGGrrrrrrr
2565,2568,3,ALL_RED,observed_reconstruction,662,NS_YELLOW,NS_GREEN,yyyrrrrrrryyyrrrrrrr
2568,2574,6,ALL_RED,observed_reconstruction,663,ALL_RED,,rrrrrrrrrrrrrrrrrrrr
2574,2575,1,EW_GREEN,observed_reconstruction,664,EW_GREEN,,rrrrrgGGggrrrrrgGGgg
2575,2578,3,EW_GREEN,observed_reconstruction,665,EW_GREEN_LEFT_YELLOW,,rrrrrgGGyyrrrrrgGGyy
2578,2581,3,EW_GREEN,observed_reconstruction,666,EW_GREEN_THROUGH_ONLY,,rrrrrgGGrrrrrrrgGGrr
2581,2584,3,ALL_RED,observed_reconstruction,667,EW_YELLOW,EW_GREEN,rrrrryyyrrrrrrryyyrr
2584,2585,1,ALL_RED,observed_reconstruction,668,ALL_RED,,rrrrrrrrrrrrrrrrrrrr
2585,2588,3,NS_GREEN,observed_reconstruction,669,NS_GREEN_THROUGH_ONLY,,gGGrrrrrrrgGGrrrrrrr
2588,2591,3,ALL_RED,observed_reconstruction,670,NS_YELLOW,NS_GREEN,yyyrrrrrrryyyrrrrrrr
2591,2592,1,ALL_RED,observed_reconstruction,671,ALL_RED,,rrrrrrrrrrrrrrrrrrrr
2592,2598,6,EW_GREEN,observed_reconstruction,672,EW_GREEN,,rrrrrgGGggrrrrrgGGgg
2598,2601,3,EW_GREEN,observed_reconstruction,673,EW_GREEN_LEFT_YELLOW,,rrrrrgGGyyrrrrrgGGyy
2601,2604,3,EW_GREEN,observed_reconstruction,674,EW_GREEN_THROUGH_ONLY,,rrrrrgGGrrrrrrrgGGrr
2604,2607,3,ALL_RED,observed_reconstruction,675,EW_YELLOW,EW_GREEN,rrrrryyyrrrrrrryyyrr
2607,2608,1,ALL_RED,observed_reconstruction,676,ALL_RED,,rrrrrrrrrrrrrrrrrrrr
2608,2611,3,NS_GREEN,observed_reconstruction,677,NS_GREEN,,gGGggrrrrrgGGggrrrrr
2611,2614,3,NS_GREEN,observed_reconstruction,678,NS_GREEN_LEFT_YELLOW,,gGGyyrrrrrgGGyyrrrrr
2614,2617,3,NS_GREEN,observed_reconstruction,679,NS_GREEN_THROUGH_ONLY,,gGGrrrrrrrgGGrrrrrrr
2617,2620,3,ALL_RED,observed_reconstruction,680,NS_YELLOW,NS_GREEN,yyyrrrrrrryyyrrrrrrr
2620,2625,5,ALL_RED,observed_reconstruction,681,ALL_RED,,rrrrrrrrrrrrrrrrrrrr
2625,2627,2,EW_GREEN,observed_reconstruction,682,EW_GREEN,,rrrrrgGGggrrrrrgGGgg
2627,2630,3,EW_GREEN,observed_reconstruction,683,EW_GREEN_LEFT_YELLOW,,rrrrrgGGyyrrrrrgGGyy
2630,2633,3,EW_GREEN,observed_reconstruction,684,EW_GREEN_THROUGH_ONLY,,rrrrrgGGrrrrrrrgGGrr
2633,2636,3,ALL_RED,observed_reconstruction,685,EW_YELLOW,EW_GREEN,rrrrryyyrrrrrrryyyrr
2636,2637,1,ALL_RED,observed_reconstruction,686,ALL_RED,,rrrrrrrrrrrrrrrrrrrr
2637,2640,3,NS_GREEN,observed_reconstruction,687,NS_GREEN,,gGGggrrrrrgGGggrrrrr
2640,2643,3,NS_GREEN,observed_reconstruction,688,NS_GREEN_LEFT_YELLOW,,gGGyyrrrrrgGGyyrrrrr
2643,2646,3,NS_GREEN,observed_reconstruction,689,NS_GREEN_THROUGH_ONLY,,gGGrrrrrrrgGGrrrrrrr
2646,2649,3,ALL_RED,observed_reconstruction,690,NS_YELLOW,NS_GREEN,yyyrrrrrrryyyrrrrrrr
2649,2655,6,ALL_RED,observed_reconstruction,691,ALL_RED,,rrrrrrrrrrrrrrrrrrrr
2655,2661,6,EW_GREEN,observed_reconstruction,692,EW_GREEN,,rrrrrgGGggrrrrrgGGgg
2661,2664,3,EW_GREEN,observed_reconstruction,693,EW_GREEN_LEFT_YELLOW,,rrrrrgGGyyrrrrrgGGyy
2664,2667,3,EW_GREEN,observed_reconstruction,694,EW_GREEN_THROUGH_ONLY,,rrrrrgGGrrrrrrrgGGrr
2667,2670,3,ALL_RED,observed_reconstruction,695,EW_YELLOW,EW_GREEN,rrrrryyyrrrrrrryyyrr
2670,2672,2,ALL_RED,observed_reconstruction,696,ALL_RED,,rrrrrrrrrrrrrrrrrrrr
2672,2674,2,NS_GREEN,observed_reconstruction,697,NS_GREEN,,gGGggrrrrrgGGggrrrrr
2674,2677,3,NS_GREEN,observed_reconstruction,698,NS_GREEN_LEFT_YELLOW,,gGGyyrrrrrgGGyyrrrrr
2677,2680,3,NS_GREEN,observed_reconstruction,699,NS_GREEN_THROUGH_ONLY,,gGGrrrrrrrgGGrrrrrrr
2680,2683,3,ALL_RED,observed_reconstruction,700,NS_YELLOW,NS_GREEN,yyyrrrrrrryyyrrrrrrr
2683,2689,6,ALL_RED,observed_reconstruction,701,ALL_RED,,rrrrrrrrrrrrrrrrrrrr
2689,2697,8,EW_GREEN,observed_reconstruction,702,EW_GREEN,,rrrrrgGGggrrrrrgGGgg
2697,2700,3,EW_GREEN,observed_reconstruction,703,EW_GREEN_LEFT_YELLOW,,rrrrrgGGyyrrrrrgGGyy
2700,2703,3,EW_GREEN,observed_reconstruction,704,EW_GREEN_THROUGH_ONLY,,rrrrrgGGrrrrrrrgGGrr
2703,2706,3,ALL_RED,observed_reconstruction,705,EW_YELLOW,EW_GREEN,rrrrryyyrrrrrrryyyrr
2706,2708,2,ALL_RED,observed_reconstruction,706,ALL_RED,,rrrrrrrrrrrrrrrrrrrr
2708,2711,3,NS_GREEN,observed_reconstruction,707,NS_GREEN,,gGGggrrrrrgGGggrrrrr
2711,2714,3,NS_GREEN,observed_reconstruction,708,NS_GREEN_LEFT_YELLOW,,gGGyyrrrrrgGGyyrrrrr
2714,2717,3,NS_GREEN,observed_reconstruction,709,NS_GREEN_THROUGH_ONLY,,gGGrrrrrrrgGGrrrrrrr
2717,2720,3,ALL_RED,observed_reconstruction,710,NS_YELLOW,NS_GREEN,yyyrrrrrrryyyrrrrrrr
2720,2725,5,ALL_RED,observed_reconstruction,711,ALL_RED,,rrrrrrrrrrrrrrrrrrrr
2725,2732,7,EW_GREEN,observed_reconstruction,712,EW_GREEN,,rrrrrgGGggrrrrrgGGgg
2732,2735,3,EW_GREEN,observed_reconstruction,713,EW_GREEN_LEFT_YELLOW,,rrrrrgGGyyrrrrrgGGyy
2735,2738,3,EW_GREEN,observed_reconstruction,714,EW_GREEN_THROUGH_ONLY,,rrrrrgGGrrrrrrrgGGrr
2738,2741,3,ALL_RED,observed_reconstruction,715,EW_YELLOW,EW_GREEN,rrrrryyyrrrrrrryyyrr
2741,2742,1,ALL_RED,observed_reconstruction,716,ALL_RED,,rrrrrrrrrrrrrrrrrrrr
2742,2744,2,NS_GREEN,observed_reconstruction,717,NS_GREEN,,gGGggrrrrrgGGggrrrrr
2744,2747,3,NS_GREEN,observed_reconstruction,718,NS_GREEN_LEFT_YELLOW,,gGGyyrrrrrgGGyyrrrrr
2747,2750,3,NS_GREEN,observed_reconstruction,719,NS_GREEN_THROUGH_ONLY,,gGGrrrrrrrgGGrrrrrrr
2750,2753,3,ALL_RED,observed_reconstruction,720,NS_YELLOW,NS_GREEN,yyyrrrrrrryyyrrrrrrr
2753,2754,1,ALL_RED,observed_reconstruction,721,ALL_RED,,rrrrrrrrrrrrrrrrrrrr
2754,2757,3,EW_GREEN,observed_reconstruction,722,EW_GREEN_THROUGH_ONLY,,rrrrrgGGrrrrrrrgGGrr
2757,2760,3,ALL_RED,observed_reconstruction,723,EW_YELLOW,EW_GREEN,rrrrryyyrrrrrrryyyrr
2760,2761,1,ALL_RED,observed_reconstruction,724,ALL_RED,,rrrrrrrrrrrrrrrrrrrr
2761,2764,3,NS_GREEN,observed_reconstruction,725,NS_GREEN,,gGGggrrrrrgGGggrrrrr
2764,2767,3,NS_GREEN,observed_reconstruction,726,NS_GREEN_LEFT_YELLOW,,gGGyyrrrrrgGGyyrrrrr
2767,2770,3,NS_GREEN,observed_reconstruction,727,NS_GREEN_THROUGH_ONLY,,gGGrrrrrrrgGGrrrrrrr
2770,2773,3,ALL_RED,observed_reconstruction,728,NS_YELLOW,NS_GREEN,yyyrrrrrrryyyrrrrrrr
2773,2778,5,ALL_RED,observed_reconstruction,729,ALL_RED,,rrrrrrrrrrrrrrrrrrrr
2778,2780,2,NS_GREEN,observed_reconstruction,730,NS_GREEN,,gGGggrrrrrgGGggrrrrr
2780,2783,3,NS_GREEN,observed_reconstruction,731,NS_GREEN_LEFT_YELLOW,,gGGyyrrrrrgGGyyrrrrr
2783,2786,3,NS_GREEN,observed_reconstruction,732,NS_GREEN_THROUGH_ONLY,,gGGrrrrrrrgGGrrrrrrr
2786,2789,3,ALL_RED,observed_reconstruction,733,NS_YELLOW,NS_GREEN,yyyrrrrrrryyyrrrrrrr
2789,2790,1,ALL_RED,observed_reconstruction,734,ALL_RED,,rrrrrrrrrrrrrrrrrrrr
2790,2798,8,EW_GREEN,observed_reconstruction,735,EW_GREEN,,rrrrrgGGggrrrrrgGGgg
2798,2801,3,EW_GREEN,observed_reconstruction,736,EW_GREEN_LEFT_YELLOW,,rrrrrgGGyyrrrrrgGGyy
2801,2804,3,EW_GREEN,observed_reconstruction,737,EW_GREEN_THROUGH_ONLY,,rrrrrgGGrrrrrrrgGGrr
2804,2807,3,ALL_RED,observed_reconstruction,738,EW_YELLOW,EW_GREEN,rrrrryyyrrrrrrryyyrr
2807,2808,1,ALL_RED,observed_reconstruction,739,ALL_RED,,rrrrrrrrrrrrrrrrrrrr
2808,2810,2,NS_GREEN,observed_reconstruction,740,NS_GREEN,,gGGggrrrrrgGGggrrrrr
2810,2813,3,NS_GREEN,observed_reconstruction,741,NS_GREEN_LEFT_YELLOW,,gGGyyrrrrrgGGyyrrrrr
2813,2816,3,NS_GREEN,observed_reconstruction,742,NS_GREEN_THROUGH_ONLY,,gGGrrrrrrrgGGrrrrrrr
2816,2819,3,ALL_RED,observed_reconstruction,743,NS_YELLOW,NS_GREEN,yyyrrrrrrryyyrrrrrrr
2819,2824,5,ALL_RED,observed_reconstruction,744,ALL_RED,,rrrrrrrrrrrrrrrrrrrr
2824,2831,7,EW_GREEN,observed_reconstruction,745,EW_GREEN,,rrrrrgGGggrrrrrgGGgg
2831,2834,3,EW_GREEN,observed_reconstruction,746,EW_GREEN_LEFT_YELLOW,,rrrrrgGGyyrrrrrgGGyy
2834,2837,3,EW_GREEN,observed_reconstruction,747,EW_GREEN_THROUGH_ONLY,,rrrrrgGGrrrrrrrgGGrr
2837,2840,3,ALL_RED,observed_reconstruction,748,EW_YELLOW,EW_GREEN,rrrrryyyrrrrrrryyyrr
2840,2841,1,ALL_RED,observed_reconstruction,749,ALL_RED,,rrrrrrrrrrrrrrrrrrrr
2841,2843,2,NS_GREEN,observed_reconstruction,750,NS_GREEN,,gGGggrrrrrgGGggrrrrr
2843,2846,3,NS_GREEN,observed_reconstruction,751,NS_GREEN_LEFT_YELLOW,,gGGyyrrrrrgGGyyrrrrr
2846,2849,3,NS_GREEN,observed_reconstruction,752,NS_GREEN_THROUGH_ONLY,,gGGrrrrrrrgGGrrrrrrr
2849,2852,3,ALL_RED,observed_reconstruction,753,NS_YELLOW,NS_GREEN,yyyrrrrrrryyyrrrrrrr
2852,2858,6,ALL_RED,observed_reconstruction,754,ALL_RED,,rrrrrrrrrrrrrrrrrrrr
2858,2861,3,EW_GREEN,observed_reconstruction,755,EW_GREEN,,rrrrrgGGggrrrrrgGGgg
2861,2864,3,EW_GREEN,observed_reconstruction,756,EW_GREEN_LEFT_YELLOW,,rrrrrgGGyyrrrrrgGGyy
2864,2867,3,EW_GREEN,observed_reconstruction,757,EW_GREEN_THROUGH_ONLY,,rrrrrgGGrrrrrrrgGGrr
2867,2870,3,ALL_RED,observed_reconstruction,758,EW_YELLOW,EW_GREEN,rrrrryyyrrrrrrryyyrr
2870,2871,1,ALL_RED,observed_reconstruction,759,ALL_RED,,rrrrrrrrrrrrrrrrrrrr
2871,2874,3,NS_GREEN,observed_reconstruction,760,NS_GREEN,,gGGggrrrrrgGGggrrrrr
2874,2877,3,NS_GREEN,observed_reconstruction,761,NS_GREEN_LEFT_YELLOW,,gGGyyrrrrrgGGyyrrrrr
2877,2880,3,NS_GREEN,observed_reconstruction,762,NS_GREEN_THROUGH_ONLY,,gGGrrrrrrrgGGrrrrrrr
2880,2883,3,ALL_RED,observed_reconstruction,763,NS_YELLOW,NS_GREEN,yyyrrrrrrryyyrrrrrrr
2883,2884,1,ALL_RED,observed_reconstruction,764,ALL_RED,,rrrrrrrrrrrrrrrrrrrr
2884,2890,6,EW_GREEN,observed_reconstruction,765,EW_GREEN,,rrrrrgGGggrrrrrgGGgg
2890,2893,3,EW_GREEN,observed_reconstruction,766,EW_GREEN_LEFT_YELLOW,,rrrrrgGGyyrrrrrgGGyy
2893,2896,3,EW_GREEN,observed_reconstruction,767,EW_GREEN_THROUGH_ONLY,,rrrrrgGGrrrrrrrgGGrr
2896,2899,3,ALL_RED,observed_reconstruction,768,EW_YELLOW,EW_GREEN,rrrrryyyrrrrrrryyyrr
2899,2900,1,ALL_RED,observed_reconstruction,769,ALL_RED,,rrrrrrrrrrrrrrrrrrrr
2900,2903,3,NS_GREEN,observed_reconstruction,770,NS_GREEN,,gGGggrrrrrgGGggrrrrr
2903,2906,3,NS_GREEN,observed_reconstruction,771,NS_GREEN_LEFT_YELLOW,,gGGyyrrrrrgGGyyrrrrr
2906,2909,3,NS_GREEN,observed_reconstruction,772,NS_GREEN_THROUGH_ONLY,,gGGrrrrrrrgGGrrrrrrr
2909,2912,3,ALL_RED,observed_reconstruction,773,NS_YELLOW,NS_GREEN,yyyrrrrrrryyyrrrrrrr
2912,2914,2,ALL_RED,observed_reconstruction,774,ALL_RED,,rrrrrrrrrrrrrrrrrrrr
2914,2916,2,EW_GREEN,observed_reconstruction,775,EW_GREEN,,rrrrrgGGggrrrrrgGGgg
2916,2919,3,EW_GREEN,observed_reconstruction,776,EW_GREEN_LEFT_YELLOW,,rrrrrgGGyyrrrrrgGGyy
2919,2922,3,EW_GREEN,observed_reconstruction,777,EW_GREEN_THROUGH_ONLY,,rrrrrgGGrrrrrrrgGGrr
2922,2925,3,ALL_RED,observed_reconstruction,778,EW_YELLOW,EW_GREEN,rrrrryyyrrrrrrryyyrr
2925,2926,1,ALL_RED,observed_reconstruction,779,ALL_RED,,rrrrrrrrrrrrrrrrrrrr
2926,2930,4,NS_GREEN,observed_reconstruction,780,NS_GREEN_THROUGH_ONLY,,gGGrrrrrrrgGGrrrrrrr
2930,2933,3,ALL_RED,observed_reconstruction,781,NS_YELLOW,NS_GREEN,yyyrrrrrrryyyrrrrrrr
2933,2934,1,ALL_RED,observed_reconstruction,782,ALL_RED,,rrrrrrrrrrrrrrrrrrrr
2934,2940,6,EW_GREEN,observed_reconstruction,783,EW_GREEN_THROUGH_ONLY,,rrrrrgGGrrrrrrrgGGrr
2940,2943,3,ALL_RED,observed_reconstruction,784,EW_YELLOW,EW_GREEN,rrrrryyyrrrrrrryyyrr
2943,2944,1,ALL_RED,observed_reconstruction,785,ALL_RED,,rrrrrrrrrrrrrrrrrrrr
2944,2949,5,NS_GREEN,observed_reconstruction,786,NS_GREEN,,gGGggrrrrrgGGggrrrrr
2949,2952,3,NS_GREEN,observed_reconstruction,787,NS_GREEN_LEFT_YELLOW,,gGGyyrrrrrgGGyyrrrrr
2952,2955,3,NS_GREEN,observed_reconstruction,788,NS_GREEN_THROUGH_ONLY,,gGGrrrrrrrgGGrrrrrrr
2955,2958,3,ALL_RED,observed_reconstruction,789,NS_YELLOW,NS_GREEN,yyyrrrrrrryyyrrrrrrr
2958,2960,2,ALL_RED,observed_reconstruction,790,ALL_RED,,rrrrrrrrrrrrrrrrrrrr
2960,2964,4,EW_GREEN,observed_reconstruction,791,EW_GREEN,,rrrrrgGGggrrrrrgGGgg
2964,2967,3,EW_GREEN,observed_reconstruction,792,EW_GREEN_LEFT_YELLOW,,rrrrrgGGyyrrrrrgGGyy
2967,2970,3,EW_GREEN,observed_reconstruction,793,EW_GREEN_THROUGH_ONLY,,rrrrrgGGrrrrrrrgGGrr
2970,2973,3,ALL_RED,observed_reconstruction,794,EW_YELLOW,EW_GREEN,rrrrryyyrrrrrrryyyrr
2973,2974,1,ALL_RED,observed_reconstruction,795,ALL_RED,,rrrrrrrrrrrrrrrrrrrr
2974,2977,3,NS_GREEN,observed_reconstruction,796,NS_GREEN,,gGGggrrrrrgGGggrrrrr
2977,2980,3,NS_GREEN,observed_reconstruction,797,NS_GREEN_LEFT_YELLOW,,gGGyyrrrrrgGGyyrrrrr
2980,2983,3,NS_GREEN,observed_reconstruction,798,NS_GREEN_THROUGH_ONLY,,gGGrrrrrrrgGGrrrrrrr
2983,2986,3,ALL_RED,observed_reconstruction,799,NS_YELLOW,NS_GREEN,yyyrrrrrrryyyrrrrrrr
2986,2987,1,ALL_RED,observed_reconstruction,800,ALL_RED,,rrrrrrrrrrrrrrrrrrrr
2987,2991,4,EW_GREEN,observed_reconstruction,801,EW_GREEN_THROUGH_ONLY,,rrrrrgGGrrrrrrrgGGrr
2991,2994,3,ALL_RED,observed_reconstruction,802,EW_YELLOW,EW_GREEN,rrrrryyyrrrrrrryyyrr
2994,2995,1,ALL_RED,observed_reconstruction,803,ALL_RED,,rrrrrrrrrrrrrrrrrrrr
2995,3001,6,NS_GREEN,observed_reconstruction,804,NS_GREEN_THROUGH_ONLY,,gGGrrrrrrrgGGrrrrrrr
3001,3004,3,ALL_RED,observed_reconstruction,805,NS_YELLOW,NS_GREEN,yyyrrrrrrryyyrrrrrrr
3004,3005,1,ALL_RED,observed_reconstruction,806,ALL_RED,,rrrrrrrrrrrrrrrrrrrr
3005,3009,4,EW_GREEN,observed_reconstruction,807,EW_GREEN_THROUGH_ONLY,,rrrrrgGGrrrrrrrgGGrr
3009,3012,3,ALL_RED,observed_reconstruction,808,EW_YELLOW,EW_GREEN,rrrrryyyrrrrrrryyyrr
3012,3013,1,ALL_RED,observed_reconstruction,809,ALL_RED,,rrrrrrrrrrrrrrrrrrrr
3013,3017,4,NS_GREEN,observed_reconstruction,810,NS_GREEN_THROUGH_ONLY,,gGGrrrrrrrgGGrrrrrrr
3017,3020,3,ALL_RED,observed_reconstruction,811,NS_YELLOW,NS_GREEN,yyyrrrrrrryyyrrrrrrr
3020,3021,1,ALL_RED,observed_reconstruction,812,ALL_RED,,rrrrrrrrrrrrrrrrrrrr
3021,3026,5,EW_GREEN,observed_reconstruction,813,EW_GREEN,,rrrrrgGGggrrrrrgGGgg
3026,3029,3,EW_GREEN,observed_reconstruction,814,EW_GREEN_LEFT_YELLOW,,rrrrrgGGyyrrrrrgGGyy
3029,3032,3,EW_GREEN,observed_reconstruction,815,EW_GREEN_THROUGH_ONLY,,rrrrrgGGrrrrrrrgGGrr
3032,3035,3,ALL_RED,observed_reconstruction,816,EW_YELLOW,EW_GREEN,rrrrryyyrrrrrrryyyrr
3035,3037,2,ALL_RED,observed_reconstruction,817,ALL_RED,,rrrrrrrrrrrrrrrrrrrr
3037,3042,5,NS_GREEN,observed_reconstruction,818,NS_GREEN_THROUGH_ONLY,,gGGrrrrrrrgGGrrrrrrr
3042,3045,3,ALL_RED,observed_reconstruction,819,NS_YELLOW,NS_GREEN,yyyrrrrrrryyyrrrrrrr
3045,3047,2,ALL_RED,observed_reconstruction,820,ALL_RED,,rrrrrrrrrrrrrrrrrrrr
3047,3049,2,EW_GREEN,observed_reconstruction,821,EW_GREEN,,rrrrrgGGggrrrrrgGGgg
3049,3052,3,EW_GREEN,observed_reconstruction,822,EW_GREEN_LEFT_YELLOW,,rrrrrgGGyyrrrrrgGGyy
3052,3055,3,EW_GREEN,observed_reconstruction,823,EW_GREEN_THROUGH_ONLY,,rrrrrgGGrrrrrrrgGGrr
3055,3058,3,ALL_RED,observed_reconstruction,824,EW_YELLOW,EW_GREEN,rrrrryyyrrrrrrryyyrr
3058,3059,1,ALL_RED,observed_reconstruction,825,ALL_RED,,rrrrrrrrrrrrrrrrrrrr
3059,3060,1,NS_GREEN,observed_reconstruction,826,NS_GREEN,,gGGggrrrrrgGGggrrrrr
3060,3063,3,NS_GREEN,observed_reconstruction,827,NS_GREEN_LEFT_YELLOW,,gGGyyrrrrrgGGyyrrrrr
3063,3066,3,NS_GREEN,observed_reconstruction,828,NS_GREEN_THROUGH_ONLY,,gGGrrrrrrrgGGrrrrrrr
3066,3069,3,ALL_RED,observed_reconstruction,829,NS_YELLOW,NS_GREEN,yyyrrrrrrryyyrrrrrrr
3069,3070,1,ALL_RED,observed_reconstruction,830,ALL_RED,,rrrrrrrrrrrrrrrrrrrr
3070,3077,7,EW_GREEN,observed_reconstruction,831,EW_GREEN,,rrrrrgGGggrrrrrgGGgg
3077,3080,3,EW_GREEN,observed_reconstruction,832,EW_GREEN_LEFT_YELLOW,,rrrrrgGGyyrrrrrgGGyy
3080,3083,3,EW_GREEN,observed_reconstruction,833,EW_GREEN_THROUGH_ONLY,,rrrrrgGGrrrrrrrgGGrr
3083,3086,3,ALL_RED,observed_reconstruction,834,EW_YELLOW,EW_GREEN,rrrrryyyrrrrrrryyyrr
3086,3087,1,ALL_RED,observed_reconstruction,835,ALL_RED,,rrrrrrrrrrrrrrrrrrrr
3087,3090,3,NS_GREEN,observed_reconstruction,836,NS_GREEN,,gGGggrrrrrgGGggrrrrr
3090,3093,3,NS_GREEN,observed_reconstruction,837,NS_GREEN_LEFT_YELLOW,,gGGyyrrrrrgGGyyrrrrr
3093,3096,3,NS_GREEN,observed_reconstruction,838,NS_GREEN_THROUGH_ONLY,,gGGrrrrrrrgGGrrrrrrr
3096,3099,3,ALL_RED,observed_reconstruction,839,NS_YELLOW,NS_GREEN,yyyrrrrrrryyyrrrrrrr
3099,3100,1,ALL_RED,observed_reconstruction,840,ALL_RED,,rrrrrrrrrrrrrrrrrrrr
3100,3102,2,EW_GREEN,observed_reconstruction,841,EW_GREEN_THROUGH_ONLY,,rrrrrgGGrrrrrrrgGGrr
3102,3105,3,ALL_RED,observed_reconstruction,842,EW_YELLOW,EW_GREEN,rrrrryyyrrrrrrryyyrr
3105,3106,1,ALL_RED,observed_reconstruction,843,ALL_RED,,rrrrrrrrrrrrrrrrrrrr
3106,3111,5,NS_GREEN,observed_reconstruction,844,NS_GREEN_THROUGH_ONLY,,gGGrrrrrrrgGGrrrrrrr
3111,3114,3,ALL_RED,observed_reconstruction,845,NS_YELLOW,NS_GREEN,yyyrrrrrrryyyrrrrrrr
3114,3115,1,ALL_RED,observed_reconstruction,846,ALL_RED,,rrrrrrrrrrrrrrrrrrrr
3115,3120,5,EW_GREEN,observed_reconstruction,847,EW_GREEN_THROUGH_ONLY,,rrrrrgGGrrrrrrrgGGrr
3120,3123,3,ALL_RED,observed_reconstruction,848,EW_YELLOW,EW_GREEN,rrrrryyyrrrrrrryyyrr
3123,3124,1,ALL_RED,observed_reconstruction,849,ALL_RED,,rrrrrrrrrrrrrrrrrrrr
3124,3128,4,NS_GREEN,observed_reconstruction,850,NS_GREEN,,gGGggrrrrrgGGggrrrrr
3128,3131,3,NS_GREEN,observed_reconstruction,851,NS_GREEN_LEFT_YELLOW,,gGGyyrrrrrgGGyyrrrrr
3131,3134,3,NS_GREEN,observed_reconstruction,852,NS_GREEN_THROUGH_ONLY,,gGGrrrrrrrgGGrrrrrrr
3134,3137,3,ALL_RED,observed_reconstruction,853,NS_YELLOW,NS_GREEN,yyyrrrrrrryyyrrrrrrr
3137,3138,1,ALL_RED,observed_reconstruction,854,ALL_RED,,rrrrrrrrrrrrrrrrrrrr
3138,3140,2,EW_GREEN,observed_reconstruction,855,EW_GREEN_THROUGH_ONLY,,rrrrrgGGrrrrrrrgGGrr
3140,3143,3,ALL_RED,observed_reconstruction,856,EW_YELLOW,EW_GREEN,rrrrryyyrrrrrrryyyrr
3143,3144,1,ALL_RED,observed_reconstruction,857,ALL_RED,,rrrrrrrrrrrrrrrrrrrr
3144,3146,2,NS_GREEN,observed_reconstruction,858,NS_GREEN,,gGGggrrrrrgGGggrrrrr
3146,3149,3,NS_GREEN,observed_reconstruction,859,NS_GREEN_LEFT_YELLOW,,gGGyyrrrrrgGGyyrrrrr
3149,3152,3,NS_GREEN,observed_reconstruction,860,NS_GREEN_THROUGH_ONLY,,gGGrrrrrrrgGGrrrrrrr
3152,3155,3,ALL_RED,observed_reconstruction,861,NS_YELLOW,NS_GREEN,yyyrrrrrrryyyrrrrrrr
3155,3160,5,ALL_RED,observed_reconstruction,862,ALL_RED,,rrrrrrrrrrrrrrrrrrrr
3160,3172,12,EW_GREEN,observed_reconstruction,863,EW_GREEN,,rrrrrgGGggrrrrrgGGgg
3172,3175,3,EW_GREEN,observed_reconstruction,864,EW_GREEN_LEFT_YELLOW,,rrrrrgGGyyrrrrrgGGyy
3175,3178,3,EW_GREEN,observed_reconstruction,865,EW_GREEN_THROUGH_ONLY,,rrrrrgGGrrrrrrrgGGrr
3178,3181,3,ALL_RED,observed_reconstruction,866,EW_YELLOW,EW_GREEN,rrrrryyyrrrrrrryyyrr
3181,3182,1,ALL_RED,observed_reconstruction,867,ALL_RED,,rrrrrrrrrrrrrrrrrrrr
3182,3188,6,NS_GREEN,observed_reconstruction,868,NS_GREEN_THROUGH_ONLY,,gGGrrrrrrrgGGrrrrrrr
3188,3191,3,ALL_RED,observed_reconstruction,869,NS_YELLOW,NS_GREEN,yyyrrrrrrryyyrrrrrrr
3191,3193,2,ALL_RED,observed_reconstruction,870,ALL_RED,,rrrrrrrrrrrrrrrrrrrr
3193,3196,3,EW_GREEN,observed_reconstruction,871,EW_GREEN,,rrrrrgGGggrrrrrgGGgg
3196,3199,3,EW_GREEN,observed_reconstruction,872,EW_GREEN_LEFT_YELLOW,,rrrrrgGGyyrrrrrgGGyy
3199,3202,3,EW_GREEN,observed_reconstruction,873,EW_GREEN_THROUGH_ONLY,,rrrrrgGGrrrrrrrgGGrr
3202,3205,3,ALL_RED,observed_reconstruction,874,EW_YELLOW,EW_GREEN,rrrrryyyrrrrrrryyyrr
3205,3206,1,ALL_RED,observed_reconstruction,875,ALL_RED,,rrrrrrrrrrrrrrrrrrrr
3206,3208,2,NS_GREEN,observed_reconstruction,876,NS_GREEN,,gGGggrrrrrgGGggrrrrr
3208,3211,3,NS_GREEN,observed_reconstruction,877,NS_GREEN_LEFT_YELLOW,,gGGyyrrrrrgGGyyrrrrr
3211,3214,3,NS_GREEN,observed_reconstruction,878,NS_GREEN_THROUGH_ONLY,,gGGrrrrrrrgGGrrrrrrr
3214,3217,3,ALL_RED,observed_reconstruction,879,NS_YELLOW,NS_GREEN,yyyrrrrrrryyyrrrrrrr
3217,3219,2,ALL_RED,observed_reconstruction,880,ALL_RED,,rrrrrrrrrrrrrrrrrrrr
3219,3221,2,EW_GREEN,observed_reconstruction,881,EW_GREEN,,rrrrrgGGggrrrrrgGGgg
3221,3224,3,EW_GREEN,observed_reconstruction,882,EW_GREEN_LEFT_YELLOW,,rrrrrgGGyyrrrrrgGGyy
3224,3227,3,EW_GREEN,observed_reconstruction,883,EW_GREEN_THROUGH_ONLY,,rrrrrgGGrrrrrrrgGGrr
3227,3230,3,ALL_RED,observed_reconstruction,884,EW_YELLOW,EW_GREEN,rrrrryyyrrrrrrryyyrr
3230,3231,1,ALL_RED,observed_reconstruction,885,ALL_RED,,rrrrrrrrrrrrrrrrrrrr
3231,3233,2,NS_GREEN,observed_reconstruction,886,NS_GREEN_THROUGH_ONLY,,gGGrrrrrrrgGGrrrrrrr
3233,3236,3,ALL_RED,observed_reconstruction,887,NS_YELLOW,NS_GREEN,yyyrrrrrrryyyrrrrrrr
3236,3237,1,ALL_RED,observed_reconstruction,888,ALL_RED,,rrrrrrrrrrrrrrrrrrrr
3237,3242,5,EW_GREEN,observed_reconstruction,889,EW_GREEN,,rrrrrgGGggrrrrrgGGgg
3242,3245,3,EW_GREEN,observed_reconstruction,890,EW_GREEN_LEFT_YELLOW,,rrrrrgGGyyrrrrrgGGyy
3245,3248,3,EW_GREEN,observed_reconstruction,891,EW_GREEN_THROUGH_ONLY,,rrrrrgGGrrrrrrrgGGrr
3248,3251,3,ALL_RED,observed_reconstruction,892,EW_YELLOW,EW_GREEN,rrrrryyyrrrrrrryyyrr
3251,3254,3,ALL_RED,observed_reconstruction,893,ALL_RED,,rrrrrrrrrrrrrrrrrrrr
3254,3256,2,NS_GREEN,observed_reconstruction,894,NS_GREEN,,gGGggrrrrrgGGggrrrrr
3256,3259,3,NS_GREEN,observed_reconstruction,895,NS_GREEN_LEFT_YELLOW,,gGGyyrrrrrgGGyyrrrrr
3259,3262,3,NS_GREEN,observed_reconstruction,896,NS_GREEN_THROUGH_ONLY,,gGGrrrrrrrgGGrrrrrrr
3262,3265,3,ALL_RED,observed_reconstruction,897,NS_YELLOW,NS_GREEN,yyyrrrrrrryyyrrrrrrr
3265,3267,2,ALL_RED,observed_reconstruction,898,ALL_RED,,rrrrrrrrrrrrrrrrrrrr
3267,3284,17,EW_GREEN,observed_reconstruction,899,EW_GREEN,,rrrrrgGGggrrrrrgGGgg
3284,3287,3,EW_GREEN,observed_reconstruction,900,EW_GREEN_LEFT_YELLOW,,rrrrrgGGyyrrrrrgGGyy
3287,3290,3,EW_GREEN,observed_reconstruction,901,EW_GREEN_THROUGH_ONLY,,rrrrrgGGrrrrrrrgGGrr
3290,3293,3,ALL_RED,observed_reconstruction,902,EW_YELLOW,EW_GREEN,rrrrryyyrrrrrrryyyrr
3293,3294,1,ALL_RED,observed_reconstruction,903,ALL_RED,,rrrrrrrrrrrrrrrrrrrr
3294,3298,4,NS_GREEN,observed_reconstruction,904,NS_GREEN,,gGGggrrrrrgGGggrrrrr
3298,3301,3,NS_GREEN,observed_reconstruction,905,NS_GREEN_LEFT_YELLOW,,gGGyyrrrrrgGGyyrrrrr
3301,3304,3,NS_GREEN,observed_reconstruction,906,NS_GREEN_THROUGH_ONLY,,gGGrrrrrrrgGGrrrrrrr
3304,3307,3,ALL_RED,observed_reconstruction,907,NS_YELLOW,NS_GREEN,yyyrrrrrrryyyrrrrrrr
3307,3312,5,ALL_RED,observed_reconstruction,908,ALL_RED,,rrrrrrrrrrrrrrrrrrrr
3312,3314,2,EW_GREEN,observed_reconstruction,909,EW_GREEN_THROUGH_ONLY,,rrrrrgGGrrrrrrrgGGrr
3314,3317,3,ALL_RED,observed_reconstruction,910,EW_YELLOW,EW_GREEN,rrrrryyyrrrrrrryyyrr
3317,3318,1,ALL_RED,observed_reconstruction,911,ALL_RED,,rrrrrrrrrrrrrrrrrrrr
3318,3320,2,NS_GREEN,observed_reconstruction,912,NS_GREEN,,gGGggrrrrrgGGggrrrrr
3320,3323,3,NS_GREEN,observed_reconstruction,913,NS_GREEN_LEFT_YELLOW,,gGGyyrrrrrgGGyyrrrrr
3323,3326,3,NS_GREEN,observed_reconstruction,914,NS_GREEN_THROUGH_ONLY,,gGGrrrrrrrgGGrrrrrrr
3326,3329,3,ALL_RED,observed_reconstruction,915,NS_YELLOW,NS_GREEN,yyyrrrrrrryyyrrrrrrr
3329,3333,4,ALL_RED,observed_reconstruction,916,ALL_RED,,rrrrrrrrrrrrrrrrrrrr
3333,3335,2,NS_GREEN,observed_reconstruction,917,NS_GREEN,,gGGggrrrrrgGGggrrrrr
3335,3338,3,NS_GREEN,observed_reconstruction,918,NS_GREEN_LEFT_YELLOW,,gGGyyrrrrrgGGyyrrrrr
3338,3341,3,NS_GREEN,observed_reconstruction,919,NS_GREEN_THROUGH_ONLY,,gGGrrrrrrrgGGrrrrrrr
3341,3344,3,ALL_RED,observed_reconstruction,920,NS_YELLOW,NS_GREEN,yyyrrrrrrryyyrrrrrrr
3344,3350,6,ALL_RED,observed_reconstruction,921,ALL_RED,,rrrrrrrrrrrrrrrrrrrr
3350,3356,6,EW_GREEN,observed_reconstruction,922,EW_GREEN,,rrrrrgGGggrrrrrgGGgg
3356,3359,3,EW_GREEN,observed_reconstruction,923,EW_GREEN_LEFT_YELLOW,,rrrrrgGGyyrrrrrgGGyy
3359,3362,3,EW_GREEN,observed_reconstruction,924,EW_GREEN_THROUGH_ONLY,,rrrrrgGGrrrrrrrgGGrr
3362,3365,3,ALL_RED,observed_reconstruction,925,EW_YELLOW,EW_GREEN,rrrrryyyrrrrrrryyyrr
3365,3366,1,ALL_RED,observed_reconstruction,926,ALL_RED,,rrrrrrrrrrrrrrrrrrrr
3366,3369,3,NS_GREEN,observed_reconstruction,927,NS_GREEN,,gGGggrrrrrgGGggrrrrr
3369,3372,3,NS_GREEN,observed_reconstruction,928,NS_GREEN_LEFT_YELLOW,,gGGyyrrrrrgGGyyrrrrr
3372,3375,3,NS_GREEN,observed_reconstruction,929,NS_GREEN_THROUGH_ONLY,,gGGrrrrrrrgGGrrrrrrr
3375,3378,3,ALL_RED,observed_reconstruction,930,NS_YELLOW,NS_GREEN,yyyrrrrrrryyyrrrrrrr
3378,3382,4,ALL_RED,observed_reconstruction,931,ALL_RED,,rrrrrrrrrrrrrrrrrrrr
3382,3385,3,EW_GREEN,observed_reconstruction,932,EW_GREEN,,rrrrrgGGggrrrrrgGGgg
3385,3388,3,EW_GREEN,observed_reconstruction,933,EW_GREEN_LEFT_YELLOW,,rrrrrgGGyyrrrrrgGGyy
3388,3391,3,EW_GREEN,observed_reconstruction,934,EW_GREEN_THROUGH_ONLY,,rrrrrgGGrrrrrrrgGGrr
3391,3394,3,ALL_RED,observed_reconstruction,935,EW_YELLOW,EW_GREEN,rrrrryyyrrrrrrryyyrr
3394,3395,1,ALL_RED,observed_reconstruction,936,ALL_RED,,rrrrrrrrrrrrrrrrrrrr
3395,3397,2,NS_GREEN,observed_reconstruction,937,NS_GREEN,,gGGggrrrrrgGGggrrrrr
3397,3400,3,NS_GREEN,observed_reconstruction,938,NS_GREEN_LEFT_YELLOW,,gGGyyrrrrrgGGyyrrrrr
3400,3403,3,NS_GREEN,observed_reconstruction,939,NS_GREEN_THROUGH_ONLY,,gGGrrrrrrrgGGrrrrrrr
3403,3406,3,ALL_RED,observed_reconstruction,940,NS_YELLOW,NS_GREEN,yyyrrrrrrryyyrrrrrrr
3406,3408,2,ALL_RED,observed_reconstruction,941,ALL_RED,,rrrrrrrrrrrrrrrrrrrr
3408,3409,1,EW_GREEN,observed_reconstruction,942,EW_GREEN,,rrrrrgGGggrrrrrgGGgg
3409,3412,3,EW_GREEN,observed_reconstruction,943,EW_GREEN_LEFT_YELLOW,,rrrrrgGGyyrrrrrgGGyy
3412,3415,3,EW_GREEN,observed_reconstruction,944,EW_GREEN_THROUGH_ONLY,,rrrrrgGGrrrrrrrgGGrr
3415,3418,3,ALL_RED,observed_reconstruction,945,EW_YELLOW,EW_GREEN,rrrrryyyrrrrrrryyyrr
3418,3419,1,ALL_RED,observed_reconstruction,946,ALL_RED,,rrrrrrrrrrrrrrrrrrrr
3419,3425,6,NS_GREEN,observed_reconstruction,947,NS_GREEN_THROUGH_ONLY,,gGGrrrrrrrgGGrrrrrrr
3425,3428,3,ALL_RED,observed_reconstruction,948,NS_YELLOW,NS_GREEN,yyyrrrrrrryyyrrrrrrr
3428,3429,1,ALL_RED,observed_reconstruction,949,ALL_RED,,rrrrrrrrrrrrrrrrrrrr
3429,3437,8,EW_GREEN,observed_reconstruction,950,EW_GREEN,,rrrrrgGGggrrrrrgGGgg
3437,3440,3,EW_GREEN,observed_reconstruction,951,EW_GREEN_LEFT_YELLOW,,rrrrrgGGyyrrrrrgGGyy
3440,3443,3,EW_GREEN,observed_reconstruction,952,EW_GREEN_THROUGH_ONLY,,rrrrrgGGrrrrrrrgGGrr
3443,3446,3,ALL_RED,observed_reconstruction,953,EW_YELLOW,EW_GREEN,rrrrryyyrrrrrrryyyrr
3446,3447,1,ALL_RED,observed_reconstruction,954,ALL_RED,,rrrrrrrrrrrrrrrrrrrr
3447,3450,3,NS_GREEN,observed_reconstruction,955,NS_GREEN,,gGGggrrrrrgGGggrrrrr
3450,3453,3,NS_GREEN,observed_reconstruction,956,NS_GREEN_LEFT_YELLOW,,gGGyyrrrrrgGGyyrrrrr
3453,3456,3,NS_GREEN,observed_reconstruction,957,NS_GREEN_THROUGH_ONLY,,gGGrrrrrrrgGGrrrrrrr
3456,3459,3,ALL_RED,observed_reconstruction,958,NS_YELLOW,NS_GREEN,yyyrrrrrrryyyrrrrrrr
3459,3460,1,ALL_RED,observed_reconstruction,959,ALL_RED,,rrrrrrrrrrrrrrrrrrrr
3460,3462,2,EW_GREEN,observed_reconstruction,960,EW_GREEN_THROUGH_ONLY,,rrrrrgGGrrrrrrrgGGrr
3462,3465,3,ALL_RED,observed_reconstruction,961,EW_YELLOW,EW_GREEN,rrrrryyyrrrrrrryyyrr
3465,3466,1,ALL_RED,observed_reconstruction,962,ALL_RED,,rrrrrrrrrrrrrrrrrrrr
3466,3471,5,NS_GREEN,observed_reconstruction,963,NS_GREEN,,gGGggrrrrrgGGggrrrrr
3471,3474,3,NS_GREEN,observed_reconstruction,964,NS_GREEN_LEFT_YELLOW,,gGGyyrrrrrgGGyyrrrrr
3474,3477,3,NS_GREEN,observed_reconstruction,965,NS_GREEN_THROUGH_ONLY,,gGGrrrrrrrgGGrrrrrrr
3477,3480,3,ALL_RED,observed_reconstruction,966,NS_YELLOW,NS_GREEN,yyyrrrrrrryyyrrrrrrr
3480,3483,3,ALL_RED,observed_reconstruction,967,ALL_RED,,rrrrrrrrrrrrrrrrrrrr
3483,3487,4,EW_GREEN,observed_reconstruction,968,EW_GREEN,,rrrrrgGGggrrrrrgGGgg
3487,3490,3,EW_GREEN,observed_reconstruction,969,EW_GREEN_LEFT_YELLOW,,rrrrrgGGyyrrrrrgGGyy
3490,3493,3,EW_GREEN,observed_reconstruction,970,EW_GREEN_THROUGH_ONLY,,rrrrrgGGrrrrrrrgGGrr
3493,3496,3,ALL_RED,observed_reconstruction,971,EW_YELLOW,EW_GREEN,rrrrryyyrrrrrrryyyrr
3496,3497,1,ALL_RED,observed_reconstruction,972,ALL_RED,,rrrrrrrrrrrrrrrrrrrr
3497,3500,3,NS_GREEN,observed_reconstruction,973,NS_GREEN_THROUGH_ONLY,,gGGrrrrrrrgGGrrrrrrr
3500,3503,3,ALL_RED,observed_reconstruction,974,NS_YELLOW,NS_GREEN,yyyrrrrrrryyyrrrrrrr
3503,3504,1,ALL_RED,observed_reconstruction,975,ALL_RED,,rrrrrrrrrrrrrrrrrrrr
3504,3505,1,EW_GREEN,observed_reconstruction,976,EW_GREEN_THROUGH_ONLY,,rrrrrgGGrrrrrrrgGGrr
3505,3508,3,ALL_RED,observed_reconstruction,977,EW_YELLOW,EW_GREEN,rrrrryyyrrrrrrryyyrr
3508,3509,1,ALL_RED,observed_reconstruction,978,ALL_RED,,rrrrrrrrrrrrrrrrrrrr
3509,3513,4,NS_GREEN,observed_reconstruction,979,NS_GREEN,,gGGggrrrrrgGGggrrrrr
3513,3516,3,NS_GREEN,observed_reconstruction,980,NS_GREEN_LEFT_YELLOW,,gGGyyrrrrrgGGyyrrrrr
3516,3519,3,NS_GREEN,observed_reconstruction,981,NS_GREEN_THROUGH_ONLY,,gGGrrrrrrrgGGrrrrrrr
3519,3522,3,ALL_RED,observed_reconstruction,982,NS_YELLOW,NS_GREEN,yyyrrrrrrryyyrrrrrrr
3522,3525,3,ALL_RED,observed_reconstruction,983,ALL_RED,,rrrrrrrrrrrrrrrrrrrr
3525,3527,2,EW_GREEN,observed_reconstruction,984,EW_GREEN_THROUGH_ONLY,,rrrrrgGGrrrrrrrgGGrr
3527,3530,3,ALL_RED,observed_reconstruction,985,EW_YELLOW,EW_GREEN,rrrrryyyrrrrrrryyyrr
3530,3531,1,ALL_RED,observed_reconstruction,986,ALL_RED,,rrrrrrrrrrrrrrrrrrrr
3531,3535,4,NS_GREEN,observed_reconstruction,987,NS_GREEN,,gGGggrrrrrgGGggrrrrr
3535,3538,3,NS_GREEN,observed_reconstruction,988,NS_GREEN_LEFT_YELLOW,,gGGyyrrrrrgGGyyrrrrr
3538,3541,3,NS_GREEN,observed_reconstruction,989,NS_GREEN_THROUGH_ONLY,,gGGrrrrrrrgGGrrrrrrr
3541,3544,3,ALL_RED,observed_reconstruction,990,NS_YELLOW,NS_GREEN,yyyrrrrrrryyyrrrrrrr
3544,3550,6,ALL_RED,observed_reconstruction,991,ALL_RED,,rrrrrrrrrrrrrrrrrrrr
3550,3554,4,EW_GREEN,observed_reconstruction,992,EW_GREEN_THROUGH_ONLY,,rrrrrgGGrrrrrrrgGGrr
3554,3557,3,ALL_RED,observed_reconstruction,993,EW_YELLOW,EW_GREEN,rrrrryyyrrrrrrryyyrr
3557,3558,1,ALL_RED,observed_reconstruction,994,ALL_RED,,rrrrrrrrrrrrrrrrrrrr
3558,3559,1,NS_GREEN,observed_reconstruction,995,NS_GREEN,,gGGggrrrrrgGGggrrrrr
3559,3562,3,NS_GREEN,observed_reconstruction,996,NS_GREEN_LEFT_YELLOW,,gGGyyrrrrrgGGyyrrrrr
3562,3565,3,NS_GREEN,observed_reconstruction,997,NS_GREEN_THROUGH_ONLY,,gGGrrrrrrrgGGrrrrrrr
3565,3568,3,ALL_RED,observed_reconstruction,998,NS_YELLOW,NS_GREEN,yyyrrrrrrryyyrrrrrrr
3568,3574,6,ALL_RED,observed_reconstruction,999,ALL_RED,,rrrrrrrrrrrrrrrrrrrr
3574,3578,4,EW_GREEN,observed_reconstruction,1000,EW_GREEN,,rrrrrgGGggrrrrrgGGgg
3578,3581,3,EW_GREEN,observed_reconstruction,1001,EW_GREEN_LEFT_YELLOW,,rrrrrgGGyyrrrrrgGGyy
3581,3584,3,EW_GREEN,observed_reconstruction,1002,EW_GREEN_THROUGH_ONLY,,rrrrrgGGrrrrrrrgGGrr
3584,3587,3,ALL_RED,observed_reconstruction,1003,EW_YELLOW,EW_GREEN,rrrrryyyrrrrrrryyyrr
3587,3588,1,ALL_RED,observed_reconstruction,1004,ALL_RED,,rrrrrrrrrrrrrrrrrrrr
3588,3594,6,NS_GREEN,observed_reconstruction,1005,NS_GREEN_THROUGH_ONLY,,gGGrrrrrrrgGGrrrrrrr
3594,3597,3,ALL_RED,observed_reconstruction,1006,NS_YELLOW,NS_GREEN,yyyrrrrrrryyyrrrrrrr
3597,3598,1,ALL_RED,observed_reconstruction,1007,ALL_RED,,rrrrrrrrrrrrrrrrrrrr
3598,3606,8,EW_GREEN,observed_reconstruction,1008,EW_GREEN,,rrrrrgGGggrrrrrgGGgg
3606,3609,3,EW_GREEN,observed_reconstruction,1009,EW_GREEN_LEFT_YELLOW,,rrrrrgGGyyrrrrrgGGyy
3609,3612,3,EW_GREEN,observed_reconstruction,1010,EW_GREEN_THROUGH_ONLY,,rrrrrgGGrrrrrrrgGGrr
3612,3615,3,ALL_RED,observed_reconstruction,1011,EW_YELLOW,EW_GREEN,rrrrryyyrrrrrrryyyrr
3615,3616,1,ALL_RED,observed_reconstruction,1012,ALL_RED,,rrrrrrrrrrrrrrrrrrrr
3616,3618,2,NS_GREEN,observed_reconstruction,1013,NS_GREEN,,gGGggrrrrrgGGggrrrrr
3618,3621,3,NS_GREEN,observed_reconstruction,1014,NS_GREEN_LEFT_YELLOW,,gGGyyrrrrrgGGyyrrrrr
3621,3624,3,NS_GREEN,observed_reconstruction,1015,NS_GREEN_THROUGH_ONLY,,gGGrrrrrrrgGGrrrrrrr
3624,3627,3,ALL_RED,observed_reconstruction,1016,NS_YELLOW,NS_GREEN,yyyrrrrrrryyyrrrrrrr
3627,3628,1,ALL_RED,observed_reconstruction,1017,ALL_RED,,rrrrrrrrrrrrrrrrrrrr
3628,3634,6,EW_GREEN,observed_reconstruction,1018,EW_GREEN,,rrrrrgGGggrrrrrgGGgg
3634,3637,3,EW_GREEN,observed_reconstruction,1019,EW_GREEN_LEFT_YELLOW,,rrrrrgGGyyrrrrrgGGyy
3637,3640,3,EW_GREEN,observed_reconstruction,1020,EW_GREEN_THROUGH_ONLY,,rrrrrgGGrrrrrrrgGGrr
3640,3643,3,ALL_RED,observed_reconstruction,1021,EW_YELLOW,EW_GREEN,rrrrryyyrrrrrrryyyrr
3643,3644,1,ALL_RED,observed_reconstruction,1022,ALL_RED,,rrrrrrrrrrrrrrrrrrrr
3644,3647,3,NS_GREEN,observed_reconstruction,1023,NS_GREEN,,gGGggrrrrrgGGggrrrrr
3647,3650,3,NS_GREEN,observed_reconstruction,1024,NS_GREEN_LEFT_YELLOW,,gGGyyrrrrrgGGyyrrrrr
3650,3653,3,NS_GREEN,observed_reconstruction,1025,NS_GREEN_THROUGH_ONLY,,gGGrrrrrrrgGGrrrrrrr
3653,3656,3,ALL_RED,observed_reconstruction,1026,NS_YELLOW,NS_GREEN,yyyrrrrrrryyyrrrrrrr
3656,3660,4,ALL_RED,observed_reconstruction,1027,ALL_RED,,rrrrrrrrrrrrrrrrrrrr
3660,3668,8,EW_GREEN,observed_reconstruction,1028,EW_GREEN,,rrrrrgGGggrrrrrgGGgg
3668,3671,3,EW_GREEN,observed_reconstruction,1029,EW_GREEN_LEFT_YELLOW,,rrrrrgGGyyrrrrrgGGyy
3671,3674,3,EW_GREEN,observed_reconstruction,1030,EW_GREEN_THROUGH_ONLY,,rrrrrgGGrrrrrrrgGGrr
3674,3677,3,ALL_RED,observed_reconstruction,1031,EW_YELLOW,EW_GREEN,rrrrryyyrrrrrrryyyrr
3677,3678,1,ALL_RED,observed_reconstruction,1032,ALL_RED,,rrrrrrrrrrrrrrrrrrrr
3678,3679,1,NS_GREEN,observed_reconstruction,1033,NS_GREEN,,gGGggrrrrrgGGggrrrrr
3679,3682,3,NS_GREEN,observed_reconstruction,1034,NS_GREEN_LEFT_YELLOW,,gGGyyrrrrrgGGyyrrrrr
3682,3685,3,NS_GREEN,observed_reconstruction,1035,NS_GREEN_THROUGH_ONLY,,gGGrrrrrrrgGGrrrrrrr
3685,3688,3,ALL_RED,observed_reconstruction,1036,NS_YELLOW,NS_GREEN,yyyrrrrrrryyyrrrrrrr
3688,3689,1,ALL_RED,observed_reconstruction,1037,ALL_RED,,rrrrrrrrrrrrrrrrrrrr
3689,3694,5,EW_GREEN,observed_reconstruction,1038,EW_GREEN,,rrrrrgGGggrrrrrgGGgg
3694,3697,3,EW_GREEN,observed_reconstruction,1039,EW_GREEN_LEFT_YELLOW,,rrrrrgGGyyrrrrrgGGyy
3697,3700,3,EW_GREEN,observed_reconstruction,1040,EW_GREEN_THROUGH_ONLY,,rrrrrgGGrrrrrrrgGGrr
3700,3703,3,ALL_RED,observed_reconstruction,1041,EW_YELLOW,EW_GREEN,rrrrryyyrrrrrrryyyrr
3703,3704,1,ALL_RED,observed_reconstruction,1042,ALL_RED,,rrrrrrrrrrrrrrrrrrrr
3704,3708,4,NS_GREEN,observed_reconstruction,1043,NS_GREEN_THROUGH_ONLY,,gGGrrrrrrrgGGrrrrrrr
3708,3711,3,ALL_RED,observed_reconstruction,1044,NS_YELLOW,NS_GREEN,yyyrrrrrrryyyrrrrrrr
3711,3712,1,ALL_RED,observed_reconstruction,1045,ALL_RED,,rrrrrrrrrrrrrrrrrrrr
3712,3715,3,EW_GREEN,observed_reconstruction,1046,EW_GREEN,,rrrrrgGGggrrrrrgGGgg
3715,3718,3,EW_GREEN,observed_reconstruction,1047,EW_GREEN_LEFT_YELLOW,,rrrrrgGGyyrrrrrgGGyy
3718,3721,3,EW_GREEN,observed_reconstruction,1048,EW_GREEN_THROUGH_ONLY,,rrrrrgGGrrrrrrrgGGrr
3721,3724,3,ALL_RED,observed_reconstruction,1049,EW_YELLOW,EW_GREEN,rrrrryyyrrrrrrryyyrr
3724,3725,1,ALL_RED,observed_reconstruction,1050,ALL_RED,,rrrrrrrrrrrrrrrrrrrr
3725,3731,6,NS_GREEN,observed_reconstruction,1051,NS_GREEN_THROUGH_ONLY,,gGGrrrrrrrgGGrrrrrrr
3731,3734,3,ALL_RED,observed_reconstruction,1052,NS_YELLOW,NS_GREEN,yyyrrrrrrryyyrrrrrrr
3734,3739,5,ALL_RED,observed_reconstruction,1053,ALL_RED,,rrrrrrrrrrrrrrrrrrrr
3739,3744,5,EW_GREEN,observed_reconstruction,1054,EW_GREEN_THROUGH_ONLY,,rrrrrgGGrrrrrrrgGGrr
3744,3747,3,ALL_RED,observed_reconstruction,1055,EW_YELLOW,EW_GREEN,rrrrryyyrrrrrrryyyrr
3747,3748,1,ALL_RED,observed_reconstruction,1056,ALL_RED,,rrrrrrrrrrrrrrrrrrrr
3748,3753,5,NS_GREEN,observed_reconstruction,1057,NS_GREEN_THROUGH_ONLY,,gGGrrrrrrrgGGrrrrrrr
3753,3756,3,ALL_RED,observed_reconstruction,1058,NS_YELLOW,NS_GREEN,yyyrrrrrrryyyrrrrrrr
3756,3757,1,ALL_RED,observed_reconstruction,1059,ALL_RED,,rrrrrrrrrrrrrrrrrrrr
3757,3763,6,EW_GREEN,observed_reconstruction,1060,EW_GREEN_THROUGH_ONLY,,rrrrrgGGrrrrrrrgGGrr
3763,3766,3,ALL_RED,observed_reconstruction,1061,EW_YELLOW,EW_GREEN,rrrrryyyrrrrrrryyyrr
3766,3767,1,ALL_RED,observed_reconstruction,1062,ALL_RED,,rrrrrrrrrrrrrrrrrrrr
3767,3773,6,NS_GREEN,observed_reconstruction,1063,NS_GREEN_THROUGH_ONLY,,gGGrrrrrrrgGGrrrrrrr
3773,3776,3,ALL_RED,observed_reconstruction,1064,NS_YELLOW,NS_GREEN,yyyrrrrrrryyyrrrrrrr
3776,3777,1,ALL_RED,observed_reconstruction,1065,ALL_RED,,rrrrrrrrrrrrrrrrrrrr
3777,3778,1,EW_GREEN,observed_reconstruction,1066,EW_GREEN_THROUGH_ONLY,,rrrrrgGGrrrrrrrgGGrr
3778,3781,3,ALL_RED,observed_reconstruction,1067,EW_YELLOW,EW_GREEN,rrrrryyyrrrrrrryyyrr
3781,3782,1,ALL_RED,observed_reconstruction,1068,ALL_RED,,rrrrrrrrrrrrrrrrrrrr
3782,3783,1,NS_GREEN,observed_reconstruction,1069,NS_GREEN,,gGGggrrrrrgGGggrrrrr
3783,3786,3,NS_GREEN,observed_reconstruction,1070,NS_GREEN_LEFT_YELLOW,,gGGyyrrrrrgGGyyrrrrr
3786,3789,3,NS_GREEN,observed_reconstruction,1071,NS_GREEN_THROUGH_ONLY,,gGGrrrrrrrgGGrrrrrrr
3789,3792,3,ALL_RED,observed_reconstruction,1072,NS_YELLOW,NS_GREEN,yyyrrrrrrryyyrrrrrrr
3792,3797,5,ALL_RED,observed_reconstruction,1073,ALL_RED,,rrrrrrrrrrrrrrrrrrrr
3797,3799,2,NS_GREEN,observed_reconstruction,1074,NS_GREEN_THROUGH_ONLY,,gGGrrrrrrrgGGrrrrrrr
3799,3802,3,ALL_RED,observed_reconstruction,1075,NS_YELLOW,NS_GREEN,yyyrrrrrrryyyrrrrrrr
3802,3803,1,ALL_RED,observed_reconstruction,1076,ALL_RED,,rrrrrrrrrrrrrrrrrrrr
3803,3808,5,EW_GREEN,observed_reconstruction,1077,EW_GREEN_THROUGH_ONLY,,rrrrrgGGrrrrrrrgGGrr
3808,3811,3,ALL_RED,observed_reconstruction,1078,EW_YELLOW,EW_GREEN,rrrrryyyrrrrrrryyyrr
3811,3812,1,ALL_RED,observed_reconstruction,1079,ALL_RED,,rrrrrrrrrrrrrrrrrrrr
3812,3815,3,NS_GREEN,observed_reconstruction,1080,NS_GREEN,,gGGggrrrrrgGGggrrrrr
3815,3818,3,NS_GREEN,observed_reconstruction,1081,NS_GREEN_LEFT_YELLOW,,gGGyyrrrrrgGGyyrrrrr
3818,3821,3,NS_GREEN,observed_reconstruction,1082,NS_GREEN_THROUGH_ONLY,,gGGrrrrrrrgGGrrrrrrr
3821,3824,3,ALL_RED,observed_reconstruction,1083,NS_YELLOW,NS_GREEN,yyyrrrrrrryyyrrrrrrr
3824,3825,1,ALL_RED,observed_reconstruction,1084,ALL_RED,,rrrrrrrrrrrrrrrrrrrr
3825,3827,2,EW_GREEN,observed_reconstruction,1085,EW_GREEN,,rrrrrgGGggrrrrrgGGgg
3827,3830,3,EW_GREEN,observed_reconstruction,1086,EW_GREEN_LEFT_YELLOW,,rrrrrgGGyyrrrrrgGGyy
3830,3833,3,EW_GREEN,observed_reconstruction,1087,EW_GREEN_THROUGH_ONLY,,rrrrrgGGrrrrrrrgGGrr
3833,3836,3,ALL_RED,observed_reconstruction,1088,EW_YELLOW,EW_GREEN,rrrrryyyrrrrrrryyyrr
3836,3837,1,ALL_RED,observed_reconstruction,1089,ALL_RED,,rrrrrrrrrrrrrrrrrrrr
3837,3839,2,NS_GREEN,observed_reconstruction,1090,NS_GREEN,,gGGggrrrrrgGGggrrrrr
3839,3842,3,NS_GREEN,observed_reconstruction,1091,NS_GREEN_LEFT_YELLOW,,gGGyyrrrrrgGGyyrrrrr
3842,3845,3,NS_GREEN,observed_reconstruction,1092,NS_GREEN_THROUGH_ONLY,,gGGrrrrrrrgGGrrrrrrr
3845,3848,3,ALL_RED,observed_reconstruction,1093,NS_YELLOW,NS_GREEN,yyyrrrrrrryyyrrrrrrr
3848,3854,6,ALL_RED,observed_reconstruction,1094,ALL_RED,,rrrrrrrrrrrrrrrrrrrr
3854,3861,7,EW_GREEN,observed_reconstruction,1095,EW_GREEN,,rrrrrgGGggrrrrrgGGgg
3861,3864,3,EW_GREEN,observed_reconstruction,1096,EW_GREEN_LEFT_YELLOW,,rrrrrgGGyyrrrrrgGGyy
3864,3867,3,EW_GREEN,observed_reconstruction,1097,EW_GREEN_THROUGH_ONLY,,rrrrrgGGrrrrrrrgGGrr
3867,3870,3,ALL_RED,observed_reconstruction,1098,EW_YELLOW,EW_GREEN,rrrrryyyrrrrrrryyyrr
3870,3872,2,ALL_RED,observed_reconstruction,1099,ALL_RED,,rrrrrrrrrrrrrrrrrrrr
3872,3875,3,NS_GREEN,observed_reconstruction,1100,NS_GREEN_THROUGH_ONLY,,gGGrrrrrrrgGGrrrrrrr
3875,3878,3,ALL_RED,observed_reconstruction,1101,NS_YELLOW,NS_GREEN,yyyrrrrrrryyyrrrrrrr
3878,3879,1,ALL_RED,observed_reconstruction,1102,ALL_RED,,rrrrrrrrrrrrrrrrrrrr
3879,3886,7,EW_GREEN,observed_reconstruction,1103,EW_GREEN,,rrrrrgGGggrrrrrgGGgg
3886,3889,3,EW_GREEN,observed_reconstruction,1104,EW_GREEN_LEFT_YELLOW,,rrrrrgGGyyrrrrrgGGyy
3889,3892,3,EW_GREEN,observed_reconstruction,1105,EW_GREEN_THROUGH_ONLY,,rrrrrgGGrrrrrrrgGGrr
3892,3895,3,ALL_RED,observed_reconstruction,1106,EW_YELLOW,EW_GREEN,rrrrryyyrrrrrrryyyrr
3895,3898,3,ALL_RED,observed_reconstruction,1107,ALL_RED,,rrrrrrrrrrrrrrrrrrrr
3898,3901,3,NS_GREEN,observed_reconstruction,1108,NS_GREEN,,gGGggrrrrrgGGggrrrrr
3901,3904,3,NS_GREEN,observed_reconstruction,1109,NS_GREEN_LEFT_YELLOW,,gGGyyrrrrrgGGyyrrrrr
3904,3907,3,NS_GREEN,observed_reconstruction,1110,NS_GREEN_THROUGH_ONLY,,gGGrrrrrrrgGGrrrrrrr
3907,3910,3,ALL_RED,observed_reconstruction,1111,NS_YELLOW,NS_GREEN,yyyrrrrrrryyyrrrrrrr
3910,3916,6,ALL_RED,observed_reconstruction,1112,ALL_RED,,rrrrrrrrrrrrrrrrrrrr
3916,3921,5,EW_GREEN,observed_reconstruction,1113,EW_GREEN,,rrrrrgGGggrrrrrgGGgg
3921,3924,3,EW_GREEN,observed_reconstruction,1114,EW_GREEN_LEFT_YELLOW,,rrrrrgGGyyrrrrrgGGyy
3924,3927,3,EW_GREEN,observed_reconstruction,1115,EW_GREEN_THROUGH_ONLY,,rrrrrgGGrrrrrrrgGGrr
3927,3930,3,ALL_RED,observed_reconstruction,1116,EW_YELLOW,EW_GREEN,rrrrryyyrrrrrrryyyrr
3930,3931,1,ALL_RED,observed_reconstruction,1117,ALL_RED,,rrrrrrrrrrrrrrrrrrrr
3931,3937,6,NS_GREEN,observed_reconstruction,1118,NS_GREEN_THROUGH_ONLY,,gGGrrrrrrrgGGrrrrrrr
3937,3940,3,ALL_RED,observed_reconstruction,1119,NS_YELLOW,NS_GREEN,yyyrrrrrrryyyrrrrrrr
3940,3941,1,ALL_RED,observed_reconstruction,1120,ALL_RED,,rrrrrrrrrrrrrrrrrrrr
3941,3943,2,EW_GREEN,observed_reconstruction,1121,EW_GREEN_THROUGH_ONLY,,rrrrrgGGrrrrrrrgGGrr
3943,3946,3,ALL_RED,observed_reconstruction,1122,EW_YELLOW,EW_GREEN,rrrrryyyrrrrrrryyyrr
3946,3947,1,ALL_RED,observed_reconstruction,1123,ALL_RED,,rrrrrrrrrrrrrrrrrrrr
3947,3951,4,NS_GREEN,observed_reconstruction,1124,NS_GREEN_THROUGH_ONLY,,gGGrrrrrrrgGGrrrrrrr
3951,3954,3,ALL_RED,observed_reconstruction,1125,NS_YELLOW,NS_GREEN,yyyrrrrrrryyyrrrrrrr
3954,3955,1,ALL_RED,observed_reconstruction,1126,ALL_RED,,rrrrrrrrrrrrrrrrrrrr
3955,3963,8,EW_GREEN,observed_reconstruction,1127,EW_GREEN,,rrrrrgGGggrrrrrgGGgg
3963,3966,3,EW_GREEN,observed_reconstruction,1128,EW_GREEN_LEFT_YELLOW,,rrrrrgGGyyrrrrrgGGyy
3966,3969,3,EW_GREEN,observed_reconstruction,1129,EW_GREEN_THROUGH_ONLY,,rrrrrgGGrrrrrrrgGGrr
3969,3972,3,ALL_RED,observed_reconstruction,1130,EW_YELLOW,EW_GREEN,rrrrryyyrrrrrrryyyrr
3972,3973,1,ALL_RED,observed_reconstruction,1131,ALL_RED,,rrrrrrrrrrrrrrrrrrrr
3973,3975,2,NS_GREEN,observed_reconstruction,1132,NS_GREEN,,gGGggrrrrrgGGggrrrrr
3975,3978,3,NS_GREEN,observed_reconstruction,1133,NS_GREEN_LEFT_YELLOW,,gGGyyrrrrrgGGyyrrrrr
3978,3981,3,NS_GREEN,observed_reconstruction,1134,NS_GREEN_THROUGH_ONLY,,gGGrrrrrrrgGGrrrrrrr
3981,3984,3,ALL_RED,observed_reconstruction,1135,NS_YELLOW,NS_GREEN,yyyrrrrrrryyyrrrrrrr
3984,3986,2,ALL_RED,observed_reconstruction,1136,ALL_RED,,rrrrrrrrrrrrrrrrrrrr
3986,3989,3,EW_GREEN,observed_reconstruction,1137,EW_GREEN,,rrrrrgGGggrrrrrgGGgg
3989,3992,3,EW_GREEN,observed_reconstruction,1138,EW_GREEN_LEFT_YELLOW,,rrrrrgGGyyrrrrrgGGyy
3992,3995,3,EW_GREEN,observed_reconstruction,1139,EW_GREEN_THROUGH_ONLY,,rrrrrgGGrrrrrrrgGGrr
3995,3998,3,ALL_RED,observed_reconstruction,1140,EW_YELLOW,EW_GREEN,rrrrryyyrrrrrrryyyrr
3998,3999,1,ALL_RED,observed_reconstruction,1141,ALL_RED,,rrrrrrrrrrrrrrrrrrrr
3999,4002,3,NS_GREEN,observed_reconstruction,1142,NS_GREEN_THROUGH_ONLY,,gGGrrrrrrrgGGrrrrrrr
4002,4005,3,ALL_RED,observed_reconstruction,1143,NS_YELLOW,NS_GREEN,yyyrrrrrrryyyrrrrrrr
4005,4006,1,ALL_RED,observed_reconstruction,1144,ALL_RED,,rrrrrrrrrrrrrrrrrrrr
4006,4012,6,EW_GREEN,observed_reconstruction,1145,EW_GREEN_THROUGH_ONLY,,rrrrrgGGrrrrrrrgGGrr
4012,4015,3,ALL_RED,observed_reconstruction,1146,EW_YELLOW,EW_GREEN,rrrrryyyrrrrrrryyyrr
4015,4016,1,ALL_RED,observed_reconstruction,1147,ALL_RED,,rrrrrrrrrrrrrrrrrrrr
4016,4021,5,NS_GREEN,observed_reconstruction,1148,NS_GREEN_THROUGH_ONLY,,gGGrrrrrrrgGGrrrrrrr
4021,4024,3,ALL_RED,observed_reconstruction,1149,NS_YELLOW,NS_GREEN,yyyrrrrrrryyyrrrrrrr
4024,4031,7,ALL_RED,observed_reconstruction,1150,ALL_RED,,rrrrrrrrrrrrrrrrrrrr
4031,4034,3,NS_GREEN,observed_reconstruction,1151,NS_GREEN,,gGGggrrrrrgGGggrrrrr
4034,4037,3,NS_GREEN,observed_reconstruction,1152,NS_GREEN_LEFT_YELLOW,,gGGyyrrrrrgGGyyrrrrr
4037,4040,3,NS_GREEN,observed_reconstruction,1153,NS_GREEN_THROUGH_ONLY,,gGGrrrrrrrgGGrrrrrrr
4040,4043,3,ALL_RED,observed_reconstruction,1154,NS_YELLOW,NS_GREEN,yyyrrrrrrryyyrrrrrrr
4043,4044,1,ALL_RED,observed_reconstruction,1155,ALL_RED,,rrrrrrrrrrrrrrrrrrrr
4044,4046,2,EW_GREEN,observed_reconstruction,1156,EW_GREEN_THROUGH_ONLY,,rrrrrgGGrrrrrrrgGGrr
4046,4049,3,ALL_RED,observed_reconstruction,1157,EW_YELLOW,EW_GREEN,rrrrryyyrrrrrrryyyrr
4049,4050,1,ALL_RED,observed_reconstruction,1158,ALL_RED,,rrrrrrrrrrrrrrrrrrrr
4050,4054,4,NS_GREEN,observed_reconstruction,1159,NS_GREEN,,gGGggrrrrrgGGggrrrrr
4054,4057,3,NS_GREEN,observed_reconstruction,1160,NS_GREEN_LEFT_YELLOW,,gGGyyrrrrrgGGyyrrrrr
4057,4060,3,NS_GREEN,observed_reconstruction,1161,NS_GREEN_THROUGH_ONLY,,gGGrrrrrrrgGGrrrrrrr
4060,4063,3,ALL_RED,observed_reconstruction,1162,NS_YELLOW,NS_GREEN,yyyrrrrrrryyyrrrrrrr
4063,4064,1,ALL_RED,observed_reconstruction,1163,ALL_RED,,rrrrrrrrrrrrrrrrrrrr
4064,4066,2,EW_GREEN,observed_reconstruction,1164,EW_GREEN,,rrrrrgGGggrrrrrgGGgg
4066,4069,3,EW_GREEN,observed_reconstruction,1165,EW_GREEN_LEFT_YELLOW,,rrrrrgGGyyrrrrrgGGyy
4069,4072,3,EW_GREEN,observed_reconstruction,1166,EW_GREEN_THROUGH_ONLY,,rrrrrgGGrrrrrrrgGGrr
4072,4075,3,ALL_RED,observed_reconstruction,1167,EW_YELLOW,EW_GREEN,rrrrryyyrrrrrrryyyrr
4075,4076,1,ALL_RED,observed_reconstruction,1168,ALL_RED,,rrrrrrrrrrrrrrrrrrrr
4076,4081,5,NS_GREEN,observed_reconstruction,1169,NS_GREEN,,gGGggrrrrrgGGggrrrrr
4081,4084,3,NS_GREEN,observed_reconstruction,1170,NS_GREEN_LEFT_YELLOW,,gGGyyrrrrrgGGyyrrrrr
4084,4087,3,NS_GREEN,observed_reconstruction,1171,NS_GREEN_THROUGH_ONLY,,gGGrrrrrrrgGGrrrrrrr
4087,4090,3,ALL_RED,observed_reconstruction,1172,NS_YELLOW,NS_GREEN,yyyrrrrrrryyyrrrrrrr
4090,4093,3,ALL_RED,observed_reconstruction,1173,ALL_RED,,rrrrrrrrrrrrrrrrrrrr
4093,4097,4,EW_GREEN,observed_reconstruction,1174,EW_GREEN_THROUGH_ONLY,,rrrrrgGGrrrrrrrgGGrr
4097,4100,3,ALL_RED,observed_reconstruction,1175,EW_YELLOW,EW_GREEN,rrrrryyyrrrrrrryyyrr
4100,4101,1,ALL_RED,observed_reconstruction,1176,ALL_RED,,rrrrrrrrrrrrrrrrrrrr
4101,4105,4,NS_GREEN,observed_reconstruction,1177,NS_GREEN_THROUGH_ONLY,,gGGrrrrrrrgGGrrrrrrr
4105,4108,3,ALL_RED,observed_reconstruction,1178,NS_YELLOW,NS_GREEN,yyyrrrrrrryyyrrrrrrr
4108,4109,1,ALL_RED,observed_reconstruction,1179,ALL_RED,,rrrrrrrrrrrrrrrrrrrr
4109,4110,1,EW_GREEN,observed_reconstruction,1180,EW_GREEN,,rrrrrgGGggrrrrrgGGgg
4110,4113,3,EW_GREEN,observed_reconstruction,1181,EW_GREEN_LEFT_YELLOW,,rrrrrgGGyyrrrrrgGGyy
4113,4116,3,EW_GREEN,observed_reconstruction,1182,EW_GREEN_THROUGH_ONLY,,rrrrrgGGrrrrrrrgGGrr
4116,4119,3,ALL_RED,observed_reconstruction,1183,EW_YELLOW,EW_GREEN,rrrrryyyrrrrrrryyyrr
4119,4120,1,ALL_RED,observed_reconstruction,1184,ALL_RED,,rrrrrrrrrrrrrrrrrrrr
4120,4123,3,NS_GREEN,observed_reconstruction,1185,NS_GREEN_THROUGH_ONLY,,gGGrrrrrrrgGGrrrrrrr
4123,4126,3,ALL_RED,observed_reconstruction,1186,NS_YELLOW,NS_GREEN,yyyrrrrrrryyyrrrrrrr
4126,4127,1,ALL_RED,observed_reconstruction,1187,ALL_RED,,rrrrrrrrrrrrrrrrrrrr
4127,4135,8,EW_GREEN,observed_reconstruction,1188,EW_GREEN,,rrrrrgGGggrrrrrgGGgg
4135,4138,3,EW_GREEN,observed_reconstruction,1189,EW_GREEN_LEFT_YELLOW,,rrrrrgGGyyrrrrrgGGyy
4138,4141,3,EW_GREEN,observed_reconstruction,1190,EW_GREEN_THROUGH_ONLY,,rrrrrgGGrrrrrrrgGGrr
4141,4144,3,ALL_RED,observed_reconstruction,1191,EW_YELLOW,EW_GREEN,rrrrryyyrrrrrrryyyrr
4144,4145,1,ALL_RED,observed_reconstruction,1192,ALL_RED,,rrrrrrrrrrrrrrrrrrrr
4145,4150,5,NS_GREEN,observed_reconstruction,1193,NS_GREEN_THROUGH_ONLY,,gGGrrrrrrrgGGrrrrrrr
4150,4153,3,ALL_RED,observed_reconstruction,1194,NS_YELLOW,NS_GREEN,yyyrrrrrrryyyrrrrrrr
4153,4158,5,ALL_RED,observed_reconstruction,1195,ALL_RED,,rrrrrrrrrrrrrrrrrrrr
4158,4160,2,NS_GREEN,observed_reconstruction,1196,NS_GREEN_THROUGH_ONLY,,gGGrrrrrrrgGGrrrrrrr
4160,4163,3,ALL_RED,observed_reconstruction,1197,NS_YELLOW,NS_GREEN,yyyrrrrrrryyyrrrrrrr
4163,4164,1,ALL_RED,observed_reconstruction,1198,ALL_RED,,rrrrrrrrrrrrrrrrrrrr
4164,4166,2,EW_GREEN,observed_reconstruction,1199,EW_GREEN,,rrrrrgGGggrrrrrgGGgg
4166,4169,3,EW_GREEN,observed_reconstruction,1200,EW_GREEN_LEFT_YELLOW,,rrrrrgGGyyrrrrrgGGyy
4169,4172,3,EW_GREEN,observed_reconstruction,1201,EW_GREEN_THROUGH_ONLY,,rrrrrgGGrrrrrrrgGGrr
4172,4175,3,ALL_RED,observed_reconstruction,1202,EW_YELLOW,EW_GREEN,rrrrryyyrrrrrrryyyrr
4175,4177,2,ALL_RED,observed_reconstruction,1203,ALL_RED,,rrrrrrrrrrrrrrrrrrrr
4177,4180,3,NS_GREEN,observed_reconstruction,1204,NS_GREEN,,gGGggrrrrrgGGggrrrrr
4180,4183,3,NS_GREEN,observed_reconstruction,1205,NS_GREEN_LEFT_YELLOW,,gGGyyrrrrrgGGyyrrrrr
4183,4186,3,NS_GREEN,observed_reconstruction,1206,NS_GREEN_THROUGH_ONLY,,gGGrrrrrrrgGGrrrrrrr
4186,4189,3,ALL_RED,observed_reconstruction,1207,NS_YELLOW,NS_GREEN,yyyrrrrrrryyyrrrrrrr
4189,4193,4,ALL_RED,observed_reconstruction,1208,ALL_RED,,rrrrrrrrrrrrrrrrrrrr
4193,4197,4,EW_GREEN,observed_reconstruction,1209,EW_GREEN_THROUGH_ONLY,,rrrrrgGGrrrrrrrgGGrr
4197,4200,3,ALL_RED,observed_reconstruction,1210,EW_YELLOW,EW_GREEN,rrrrryyyrrrrrrryyyrr
4200,4201,1,ALL_RED,observed_reconstruction,1211,ALL_RED,,rrrrrrrrrrrrrrrrrrrr
4201,4207,6,NS_GREEN,observed_reconstruction,1212,NS_GREEN,,gGGggrrrrrgGGggrrrrr
4207,4210,3,NS_GREEN,observed_reconstruction,1213,NS_GREEN_LEFT_YELLOW,,gGGyyrrrrrgGGyyrrrrr
4210,4213,3,NS_GREEN,observed_reconstruction,1214,NS_GREEN_THROUGH_ONLY,,gGGrrrrrrrgGGrrrrrrr
4213,4216,3,ALL_RED,observed_reconstruction,1215,NS_YELLOW,NS_GREEN,yyyrrrrrrryyyrrrrrrr
4216,4221,5,ALL_RED,observed_reconstruction,1216,ALL_RED,,rrrrrrrrrrrrrrrrrrrr
4221,4228,7,EW_GREEN,observed_reconstruction,1217,EW_GREEN,,rrrrrgGGggrrrrrgGGgg
4228,4231,3,EW_GREEN,observed_reconstruction,1218,EW_GREEN_LEFT_YELLOW,,rrrrrgGGyyrrrrrgGGyy
4231,4234,3,EW_GREEN,observed_reconstruction,1219,EW_GREEN_THROUGH_ONLY,,rrrrrgGGrrrrrrrgGGrr
4234,4237,3,ALL_RED,observed_reconstruction,1220,EW_YELLOW,EW_GREEN,rrrrryyyrrrrrrryyyrr
4237,4239,2,ALL_RED,observed_reconstruction,1221,ALL_RED,,rrrrrrrrrrrrrrrrrrrr
4239,4244,5,NS_GREEN,observed_reconstruction,1222,NS_GREEN_THROUGH_ONLY,,gGGrrrrrrrgGGrrrrrrr
4244,4247,3,ALL_RED,observed_reconstruction,1223,NS_YELLOW,NS_GREEN,yyyrrrrrrryyyrrrrrrr
4247,4248,1,ALL_RED,observed_reconstruction,1224,ALL_RED,,rrrrrrrrrrrrrrrrrrrr
4248,4260,12,EW_GREEN,observed_reconstruction,1225,EW_GREEN,,rrrrrgGGggrrrrrgGGgg
4260,4263,3,EW_GREEN,observed_reconstruction,1226,EW_GREEN_LEFT_YELLOW,,rrrrrgGGyyrrrrrgGGyy
4263,4266,3,EW_GREEN,observed_reconstruction,1227,EW_GREEN_THROUGH_ONLY,,rrrrrgGGrrrrrrrgGGrr
4266,4269,3,ALL_RED,observed_reconstruction,1228,EW_YELLOW,EW_GREEN,rrrrryyyrrrrrrryyyrr
4269,4270,1,ALL_RED,observed_reconstruction,1229,ALL_RED,,rrrrrrrrrrrrrrrrrrrr
4270,4271,1,NS_GREEN,observed_reconstruction,1230,NS_GREEN,,gGGggrrrrrgGGggrrrrr
4271,4274,3,NS_GREEN,observed_reconstruction,1231,NS_GREEN_LEFT_YELLOW,,gGGyyrrrrrgGGyyrrrrr
4274,4277,3,NS_GREEN,observed_reconstruction,1232,NS_GREEN_THROUGH_ONLY,,gGGrrrrrrrgGGrrrrrrr
4277,4280,3,ALL_RED,observed_reconstruction,1233,NS_YELLOW,NS_GREEN,yyyrrrrrrryyyrrrrrrr
4280,4287,7,ALL_RED,observed_reconstruction,1234,ALL_RED,,rrrrrrrrrrrrrrrrrrrr
4287,4290,3,EW_GREEN,observed_reconstruction,1235,EW_GREEN_THROUGH_ONLY,,rrrrrgGGrrrrrrrgGGrr
4290,4293,3,ALL_RED,observed_reconstruction,1236,EW_YELLOW,EW_GREEN,rrrrryyyrrrrrrryyyrr
4293,4294,1,ALL_RED,observed_reconstruction,1237,ALL_RED,,rrrrrrrrrrrrrrrrrrrr
4294,4296,2,NS_GREEN,observed_reconstruction,1238,NS_GREEN,,gGGggrrrrrgGGggrrrrr
4296,4299,3,NS_GREEN,observed_reconstruction,1239,NS_GREEN_LEFT_YELLOW,,gGGyyrrrrrgGGyyrrrrr
4299,4302,3,NS_GREEN,observed_reconstruction,1240,NS_GREEN_THROUGH_ONLY,,gGGrrrrrrrgGGrrrrrrr
4302,4305,3,ALL_RED,observed_reconstruction,1241,NS_YELLOW,NS_GREEN,yyyrrrrrrryyyrrrrrrr
4305,4306,1,ALL_RED,observed_reconstruction,1242,ALL_RED,,rrrrrrrrrrrrrrrrrrrr
4306,4312,6,EW_GREEN,observed_reconstruction,1243,EW_GREEN,,rrrrrgGGggrrrrrgGGgg
4312,4315,3,EW_GREEN,observed_reconstruction,1244,EW_GREEN_LEFT_YELLOW,,rrrrrgGGyyrrrrrgGGyy
4315,4318,3,EW_GREEN,observed_reconstruction,1245,EW_GREEN_THROUGH_ONLY,,rrrrrgGGrrrrrrrgGGrr
4318,4321,3,ALL_RED,observed_reconstruction,1246,EW_YELLOW,EW_GREEN,rrrrryyyrrrrrrryyyrr
4321,4323,2,ALL_RED,observed_reconstruction,1247,ALL_RED,,rrrrrrrrrrrrrrrrrrrr
4323,4326,3,NS_GREEN,observed_reconstruction,1248,NS_GREEN,,gGGggrrrrrgGGggrrrrr
4326,4329,3,NS_GREEN,observed_reconstruction,1249,NS_GREEN_LEFT_YELLOW,,gGGyyrrrrrgGGyyrrrrr
4329,4332,3,NS_GREEN,observed_reconstruction,1250,NS_GREEN_THROUGH_ONLY,,gGGrrrrrrrgGGrrrrrrr
4332,4335,3,ALL_RED,observed_reconstruction,1251,NS_YELLOW,NS_GREEN,yyyrrrrrrryyyrrrrrrr
4335,4336,1,ALL_RED,observed_reconstruction,1252,ALL_RED,,rrrrrrrrrrrrrrrrrrrr
4336,4337,1,EW_GREEN,observed_reconstruction,1253,EW_GREEN,,rrrrrgGGggrrrrrgGGgg
4337,4340,3,EW_GREEN,observed_reconstruction,1254,EW_GREEN_LEFT_YELLOW,,rrrrrgGGyyrrrrrgGGyy
4340,4343,3,EW_GREEN,observed_reconstruction,1255,EW_GREEN_THROUGH_ONLY,,rrrrrgGGrrrrrrrgGGrr
4343,4346,3,ALL_RED,observed_reconstruction,1256,EW_YELLOW,EW_GREEN,rrrrryyyrrrrrrryyyrr
4346,4347,1,ALL_RED,observed_reconstruction,1257,ALL_RED,,rrrrrrrrrrrrrrrrrrrr
4347,4356,9,NS_GREEN,observed_reconstruction,1258,NS_GREEN,,gGGggrrrrrgGGggrrrrr
4356,4359,3,NS_GREEN,observed_reconstruction,1259,NS_GREEN_LEFT_YELLOW,,gGGyyrrrrrgGGyyrrrrr
4359,4362,3,NS_GREEN,observed_reconstruction,1260,NS_GREEN_THROUGH_ONLY,,gGGrrrrrrrgGGrrrrrrr
4362,4365,3,ALL_RED,observed_reconstruction,1261,NS_YELLOW,NS_GREEN,yyyrrrrrrryyyrrrrrrr
4365,4372,7,ALL_RED,observed_reconstruction,1262,ALL_RED,,rrrrrrrrrrrrrrrrrrrr
4372,4374,2,EW_GREEN,observed_reconstruction,1263,EW_GREEN_THROUGH_ONLY,,rrrrrgGGrrrrrrrgGGrr
4374,4377,3,ALL_RED,observed_reconstruction,1264,EW_YELLOW,EW_GREEN,rrrrryyyrrrrrrryyyrr
4377,4378,1,ALL_RED,observed_reconstruction,1265,ALL_RED,,rrrrrrrrrrrrrrrrrrrr
4378,4379,1,NS_GREEN,observed_reconstruction,1266,NS_GREEN,,gGGggrrrrrgGGggrrrrr
4379,4382,3,NS_GREEN,observed_reconstruction,1267,NS_GREEN_LEFT_YELLOW,,gGGyyrrrrrgGGyyrrrrr
4382,4385,3,NS_GREEN,observed_reconstruction,1268,NS_GREEN_THROUGH_ONLY,,gGGrrrrrrrgGGrrrrrrr
4385,4388,3,ALL_RED,observed_reconstruction,1269,NS_YELLOW,NS_GREEN,yyyrrrrrrryyyrrrrrrr
4388,4391,3,ALL_RED,observed_reconstruction,1270,ALL_RED,,rrrrrrrrrrrrrrrrrrrr
4391,4401,10,EW_GREEN,observed_reconstruction,1271,EW_GREEN,,rrrrrgGGggrrrrrgGGgg
4401,4404,3,EW_GREEN,observed_reconstruction,1272,EW_GREEN_LEFT_YELLOW,,rrrrrgGGyyrrrrrgGGyy
4404,4407,3,EW_GREEN,observed_reconstruction,1273,EW_GREEN_THROUGH_ONLY,,rrrrrgGGrrrrrrrgGGrr
4407,4410,3,ALL_RED,observed_reconstruction,1274,EW_YELLOW,EW_GREEN,rrrrryyyrrrrrrryyyrr
4410,4413,3,ALL_RED,observed_reconstruction,1275,ALL_RED,,rrrrrrrrrrrrrrrrrrrr
4413,4419,6,NS_GREEN,observed_reconstruction,1276,NS_GREEN_THROUGH_ONLY,,gGGrrrrrrrgGGrrrrrrr
4419,4422,3,ALL_RED,observed_reconstruction,1277,NS_YELLOW,NS_GREEN,yyyrrrrrrryyyrrrrrrr
4422,4425,3,ALL_RED,observed_reconstruction,1278,ALL_RED,,rrrrrrrrrrrrrrrrrrrr
4425,4440,15,EW_GREEN,observed_reconstruction,1279,EW_GREEN,,rrrrrgGGggrrrrrgGGgg
4440,4443,3,EW_GREEN,observed_reconstruction,1280,EW_GREEN_LEFT_YELLOW,,rrrrrgGGyyrrrrrgGGyy
4443,4446,3,EW_GREEN,observed_reconstruction,1281,EW_GREEN_THROUGH_ONLY,,rrrrrgGGrrrrrrrgGGrr
4446,4449,3,ALL_RED,observed_reconstruction,1282,EW_YELLOW,EW_GREEN,rrrrryyyrrrrrrryyyrr
4449,4450,1,ALL_RED,observed_reconstruction,1283,ALL_RED,,rrrrrrrrrrrrrrrrrrrr
4450,4456,6,NS_GREEN,observed_reconstruction,1284,NS_GREEN,,gGGggrrrrrgGGggrrrrr
4456,4459,3,NS_GREEN,observed_reconstruction,1285,NS_GREEN_LEFT_YELLOW,,gGGyyrrrrrgGGyyrrrrr
4459,4462,3,NS_GREEN,observed_reconstruction,1286,NS_GREEN_THROUGH_ONLY,,gGGrrrrrrrgGGrrrrrrr
4462,4465,3,ALL_RED,observed_reconstruction,1287,NS_YELLOW,NS_GREEN,yyyrrrrrrryyyrrrrrrr
4465,4474,9,ALL_RED,observed_reconstruction,1288,ALL_RED,,rrrrrrrrrrrrrrrrrrrr
4474,4488,14,EW_GREEN,observed_reconstruction,1289,EW_GREEN,,rrrrrgGGggrrrrrgGGgg
4488,4491,3,EW_GREEN,observed_reconstruction,1290,EW_GREEN_LEFT_YELLOW,,rrrrrgGGyyrrrrrgGGyy
4491,4494,3,EW_GREEN,observed_reconstruction,1291,EW_GREEN_THROUGH_ONLY,,rrrrrgGGrrrrrrrgGGrr
4494,4497,3,ALL_RED,observed_reconstruction,1292,EW_YELLOW,EW_GREEN,rrrrryyyrrrrrrryyyrr
4497,4503,6,ALL_RED,observed_reconstruction,1293,ALL_RED,,rrrrrrrrrrrrrrrrrrrr
4503,4507,4,NS_GREEN,observed_reconstruction,1294,NS_GREEN,,gGGggrrrrrgGGggrrrrr
4507,4510,3,NS_GREEN,observed_reconstruction,1295,NS_GREEN_LEFT_YELLOW,,gGGyyrrrrrgGGyyrrrrr
4510,4513,3,NS_GREEN,observed_reconstruction,1296,NS_GREEN_THROUGH_ONLY,,gGGrrrrrrrgGGrrrrrrr
4513,4516,3,ALL_RED,observed_reconstruction,1297,NS_YELLOW,NS_GREEN,yyyrrrrrrryyyrrrrrrr
4516,4517,1,ALL_RED,observed_reconstruction,1298,ALL_RED,,rrrrrrrrrrrrrrrrrrrr
4517,4523,6,EW_GREEN,observed_reconstruction,1299,EW_GREEN_THROUGH_ONLY,,rrrrrgGGrrrrrrrgGGrr
4523,4526,3,ALL_RED,observed_reconstruction,1300,EW_YELLOW,EW_GREEN,rrrrryyyrrrrrrryyyrr
4526,4527,1,ALL_RED,observed_reconstruction,1301,ALL_RED,,rrrrrrrrrrrrrrrrrrrr
4527,4538,11,NS_GREEN,observed_reconstruction,1302,NS_GREEN,,gGGggrrrrrgGGggrrrrr
4538,4541,3,NS_GREEN,observed_reconstruction,1303,NS_GREEN_LEFT_YELLOW,,gGGyyrrrrrgGGyyrrrrr
4541,4544,3,NS_GREEN,observed_reconstruction,1304,NS_GREEN_THROUGH_ONLY,,gGGrrrrrrrgGGrrrrrrr
4544,4547,3,ALL_RED,observed_reconstruction,1305,NS_YELLOW,NS_GREEN,yyyrrrrrrryyyrrrrrrr
4547,4558,11,ALL_RED,observed_reconstruction,1306,ALL_RED,,rrrrrrrrrrrrrrrrrrrr
4558,4565,7,EW_GREEN,observed_reconstruction,1307,EW_GREEN,,rrrrrgGGggrrrrrgGGgg
4565,4568,3,EW_GREEN,observed_reconstruction,1308,EW_GREEN_LEFT_YELLOW,,rrrrrgGGyyrrrrrgGGyy
4568,4571,3,EW_GREEN,observed_reconstruction,1309,EW_GREEN_THROUGH_ONLY,,rrrrrgGGrrrrrrrgGGrr
4571,4574,3,ALL_RED,observed_reconstruction,1310,EW_YELLOW,EW_GREEN,rrrrryyyrrrrrrryyyrr
4574,4579,5,ALL_RED,observed_reconstruction,1311,ALL_RED,,rrrrrrrrrrrrrrrrrrrr
4579,4587,8,NS_GREEN,observed_reconstruction,1312,NS_GREEN,,gGGggrrrrrgGGggrrrrr
4587,4590,3,NS_GREEN,observed_reconstruction,1313,NS_GREEN_LEFT_YELLOW,,gGGyyrrrrrgGGyyrrrrr
4590,4593,3,NS_GREEN,observed_reconstruction,1314,NS_GREEN_THROUGH_ONLY,,gGGrrrrrrrgGGrrrrrrr
4593,4596,3,ALL_RED,observed_reconstruction,1315,NS_YELLOW,NS_GREEN,yyyrrrrrrryyyrrrrrrr
4596,4602,6,ALL_RED,observed_reconstruction,1316,ALL_RED,,rrrrrrrrrrrrrrrrrrrr
4602,4607,5,EW_GREEN,observed_reconstruction,1317,EW_GREEN,,rrrrrgGGggrrrrrgGGgg
4607,4610,3,EW_GREEN,observed_reconstruction,1318,EW_GREEN_LEFT_YELLOW,,rrrrrgGGyyrrrrrgGGyy
4610,4613,3,EW_GREEN,observed_reconstruction,1319,EW_GREEN_THROUGH_ONLY,,rrrrrgGGrrrrrrrgGGrr
4613,4616,3,ALL_RED,observed_reconstruction,1320,EW_YELLOW,EW_GREEN,rrrrryyyrrrrrrryyyrr
4616,4618,2,ALL_RED,observed_reconstruction,1321,ALL_RED,,rrrrrrrrrrrrrrrrrrrr
4618,4624,6,NS_GREEN,observed_reconstruction,1322,NS_GREEN,,gGGggrrrrrgGGggrrrrr
4624,4627,3,NS_GREEN,observed_reconstruction,1323,NS_GREEN_LEFT_YELLOW,,gGGyyrrrrrgGGyyrrrrr
4627,4630,3,NS_GREEN,observed_reconstruction,1324,NS_GREEN_THROUGH_ONLY,,gGGrrrrrrrgGGrrrrrrr
4630,4633,3,ALL_RED,observed_reconstruction,1325,NS_YELLOW,NS_GREEN,yyyrrrrrrryyyrrrrrrr
4633,4643,10,ALL_RED,observed_reconstruction,1326,ALL_RED,,rrrrrrrrrrrrrrrrrrrr
4643,4657,14,EW_GREEN,observed_reconstruction,1327,EW_GREEN,,rrrrrgGGggrrrrrgGGgg
4657,4660,3,EW_GREEN,observed_reconstruction,1328,EW_GREEN_LEFT_YELLOW,,rrrrrgGGyyrrrrrgGGyy
4660,4663,3,EW_GREEN,observed_reconstruction,1329,EW_GREEN_THROUGH_ONLY,,rrrrrgGGrrrrrrrgGGrr
4663,4666,3,ALL_RED,observed_reconstruction,1330,EW_YELLOW,EW_GREEN,rrrrryyyrrrrrrryyyrr
4666,4668,2,ALL_RED,observed_reconstruction,1331,ALL_RED,,rrrrrrrrrrrrrrrrrrrr
4668,4677,9,NS_GREEN,observed_reconstruction,1332,NS_GREEN,,gGGggrrrrrgGGggrrrrr
4677,4680,3,NS_GREEN,observed_reconstruction,1333,NS_GREEN_LEFT_YELLOW,,gGGyyrrrrrgGGyyrrrrr
4680,4683,3,NS_GREEN,observed_reconstruction,1334,NS_GREEN_THROUGH_ONLY,,gGGrrrrrrrgGGrrrrrrr
4683,4686,3,ALL_RED,observed_reconstruction,1335,NS_YELLOW,NS_GREEN,yyyrrrrrrryyyrrrrrrr
4686,4689,3,ALL_RED,observed_reconstruction,1336,ALL_RED,,rrrrrrrrrrrrrrrrrrrr
4689,4706,17,EW_GREEN,observed_reconstruction,1337,EW_GREEN,,rrrrrgGGggrrrrrgGGgg
4706,4709,3,EW_GREEN,observed_reconstruction,1338,EW_GREEN_LEFT_YELLOW,,rrrrrgGGyyrrrrrgGGyy
4709,4712,3,EW_GREEN,observed_reconstruction,1339,EW_GREEN_THROUGH_ONLY,,rrrrrgGGrrrrrrrgGGrr
4712,4715,3,ALL_RED,observed_reconstruction,1340,EW_YELLOW,EW_GREEN,rrrrryyyrrrrrrryyyrr
4715,4718,3,ALL_RED,observed_reconstruction,1341,ALL_RED,,rrrrrrrrrrrrrrrrrrrr
4718,4727,9,NS_GREEN,observed_reconstruction,1342,NS_GREEN,,gGGggrrrrrgGGggrrrrr
4727,4730,3,NS_GREEN,observed_reconstruction,1343,NS_GREEN_LEFT_YELLOW,,gGGyyrrrrrgGGyyrrrrr
4730,4733,3,NS_GREEN,observed_reconstruction,1344,NS_GREEN_THROUGH_ONLY,,gGGrrrrrrrgGGrrrrrrr
4733,4736,3,ALL_RED,observed_reconstruction,1345,NS_YELLOW,NS_GREEN,yyyrrrrrrryyyrrrrrrr
4736,4744,8,ALL_RED,observed_reconstruction,1346,ALL_RED,,rrrrrrrrrrrrrrrrrrrr
4744,4756,12,EW_GREEN,observed_reconstruction,1347,EW_GREEN,,rrrrrgGGggrrrrrgGGgg
4756,4759,3,EW_GREEN,observed_reconstruction,1348,EW_GREEN_LEFT_YELLOW,,rrrrrgGGyyrrrrrgGGyy
4759,4762,3,EW_GREEN,observed_reconstruction,1349,EW_GREEN_THROUGH_ONLY,,rrrrrgGGrrrrrrrgGGrr
4762,4765,3,ALL_RED,observed_reconstruction,1350,EW_YELLOW,EW_GREEN,rrrrryyyrrrrrrryyyrr
4765,4768,3,ALL_RED,observed_reconstruction,1351,ALL_RED,,rrrrrrrrrrrrrrrrrrrr
4768,4771,3,NS_GREEN,observed_reconstruction,1352,NS_GREEN,,gGGggrrrrrgGGggrrrrr
4771,4774,3,NS_GREEN,observed_reconstruction,1353,NS_GREEN_LEFT_YELLOW,,gGGyyrrrrrgGGyyrrrrr
4774,4777,3,NS_GREEN,observed_reconstruction,1354,NS_GREEN_THROUGH_ONLY,,gGGrrrrrrrgGGrrrrrrr
4777,4780,3,ALL_RED,observed_reconstruction,1355,NS_YELLOW,NS_GREEN,yyyrrrrrrryyyrrrrrrr
4780,4781,1,ALL_RED,observed_reconstruction,1356,ALL_RED,,rrrrrrrrrrrrrrrrrrrr
4781,4783,2,EW_GREEN,observed_reconstruction,1357,EW_GREEN,,rrrrrgGGggrrrrrgGGgg
4783,4786,3,EW_GREEN,observed_reconstruction,1358,EW_GREEN_LEFT_YELLOW,,rrrrrgGGyyrrrrrgGGyy
4786,4789,3,EW_GREEN,observed_reconstruction,1359,EW_GREEN_THROUGH_ONLY,,rrrrrgGGrrrrrrrgGGrr
4789,4792,3,ALL_RED,observed_reconstruction,1360,EW_YELLOW,EW_GREEN,rrrrryyyrrrrrrryyyrr
4792,4793,1,ALL_RED,observed_reconstruction,1361,ALL_RED,,rrrrrrrrrrrrrrrrrrrr
4793,4798,5,NS_GREEN,observed_reconstruction,1362,NS_GREEN,,gGGggrrrrrgGGggrrrrr
4798,4801,3,NS_GREEN,observed_reconstruction,1363,NS_GREEN_LEFT_YELLOW,,gGGyyrrrrrgGGyyrrrrr
4801,4804,3,NS_GREEN,observed_reconstruction,1364,NS_GREEN_THROUGH_ONLY,,gGGrrrrrrrgGGrrrrrrr
4804,4807,3,ALL_RED,observed_reconstruction,1365,NS_YELLOW,NS_GREEN,yyyrrrrrrryyyrrrrrrr
4807,4808,1,ALL_RED,observed_reconstruction,1366,ALL_RED,,rrrrrrrrrrrrrrrrrrrr
4808,4814,6,EW_GREEN,observed_reconstruction,1367,EW_GREEN_THROUGH_ONLY,,rrrrrgGGrrrrrrrgGGrr
4814,4817,3,ALL_RED,observed_reconstruction,1368,EW_YELLOW,EW_GREEN,rrrrryyyrrrrrrryyyrr
4817,4818,1,ALL_RED,observed_reconstruction,1369,ALL_RED,,rrrrrrrrrrrrrrrrrrrr
4818,4819,1,NS_GREEN,observed_reconstruction,1370,NS_GREEN,,gGGggrrrrrgGGggrrrrr
4819,4822,3,NS_GREEN,observed_reconstruction,1371,NS_GREEN_LEFT_YELLOW,,gGGyyrrrrrgGGyyrrrrr
4822,4825,3,NS_GREEN,observed_reconstruction,1372,NS_GREEN_THROUGH_ONLY,,gGGrrrrrrrgGGrrrrrrr
4825,4828,3,ALL_RED,observed_reconstruction,1373,NS_YELLOW,NS_GREEN,yyyrrrrrrryyyrrrrrrr
4828,4829,1,ALL_RED,observed_reconstruction,1374,ALL_RED,,rrrrrrrrrrrrrrrrrrrr
4829,4840,11,EW_GREEN,observed_reconstruction,1375,EW_GREEN,,rrrrrgGGggrrrrrgGGgg
4840,4843,3,EW_GREEN,observed_reconstruction,1376,EW_GREEN_LEFT_YELLOW,,rrrrrgGGyyrrrrrgGGyy
4843,4846,3,EW_GREEN,observed_reconstruction,1377,EW_GREEN_THROUGH_ONLY,,rrrrrgGGrrrrrrrgGGrr
4846,4849,3,ALL_RED,observed_reconstruction,1378,EW_YELLOW,EW_GREEN,rrrrryyyrrrrrrryyyrr
4849,4851,2,ALL_RED,observed_reconstruction,1379,ALL_RED,,rrrrrrrrrrrrrrrrrrrr
4851,4857,6,NS_GREEN,observed_reconstruction,1380,NS_GREEN,,gGGggrrrrrgGGggrrrrr
4857,4860,3,NS_GREEN,observed_reconstruction,1381,NS_GREEN_LEFT_YELLOW,,gGGyyrrrrrgGGyyrrrrr
4860,4863,3,NS_GREEN,observed_reconstruction,1382,NS_GREEN_THROUGH_ONLY,,gGGrrrrrrrgGGrrrrrrr
4863,4866,3,ALL_RED,observed_reconstruction,1383,NS_YELLOW,NS_GREEN,yyyrrrrrrryyyrrrrrrr
4866,4875,9,ALL_RED,observed_reconstruction,1384,ALL_RED,,rrrrrrrrrrrrrrrrrrrr
4875,4887,12,EW_GREEN,observed_reconstruction,1385,EW_GREEN,,rrrrrgGGggrrrrrgGGgg
4887,4890,3,EW_GREEN,observed_reconstruction,1386,EW_GREEN_LEFT_YELLOW,,rrrrrgGGyyrrrrrgGGyy
4890,4893,3,EW_GREEN,observed_reconstruction,1387,EW_GREEN_THROUGH_ONLY,,rrrrrgGGrrrrrrrgGGrr
4893,4896,3,ALL_RED,observed_reconstruction,1388,EW_YELLOW,EW_GREEN,rrrrryyyrrrrrrryyyrr
4896,4897,1,ALL_RED,observed_reconstruction,1389,ALL_RED,,rrrrrrrrrrrrrrrrrrrr
4897,4900,3,NS_GREEN,observed_reconstruction,1390,NS_GREEN,,gGGggrrrrrgGGggrrrrr
4900,4903,3,NS_GREEN,observed_reconstruction,1391,NS_GREEN_LEFT_YELLOW,,gGGyyrrrrrgGGyyrrrrr
4903,4906,3,NS_GREEN,observed_reconstruction,1392,NS_GREEN_THROUGH_ONLY,,gGGrrrrrrrgGGrrrrrrr
4906,4909,3,ALL_RED,observed_reconstruction,1393,NS_YELLOW,NS_GREEN,yyyrrrrrrryyyrrrrrrr
4909,4910,1,ALL_RED,observed_reconstruction,1394,ALL_RED,,rrrrrrrrrrrrrrrrrrrr
4910,4920,10,EW_GREEN,observed_reconstruction,1395,EW_GREEN,,rrrrrgGGggrrrrrgGGgg
4920,4923,3,EW_GREEN,observed_reconstruction,1396,EW_GREEN_LEFT_YELLOW,,rrrrrgGGyyrrrrrgGGyy
4923,4926,3,EW_GREEN,observed_reconstruction,1397,EW_GREEN_THROUGH_ONLY,,rrrrrgGGrrrrrrrgGGrr
4926,4929,3,ALL_RED,observed_reconstruction,1398,EW_YELLOW,EW_GREEN,rrrrryyyrrrrrrryyyrr
4929,4933,4,ALL_RED,observed_reconstruction,1399,ALL_RED,,rrrrrrrrrrrrrrrrrrrr
4933,4936,3,NS_GREEN,observed_reconstruction,1400,NS_GREEN,,gGGggrrrrrgGGggrrrrr
4936,4939,3,NS_GREEN,observed_reconstruction,1401,NS_GREEN_LEFT_YELLOW,,gGGyyrrrrrgGGyyrrrrr
4939,4942,3,NS_GREEN,observed_reconstruction,1402,NS_GREEN_THROUGH_ONLY,,gGGrrrrrrrgGGrrrrrrr
4942,4945,3,ALL_RED,observed_reconstruction,1403,NS_YELLOW,NS_GREEN,yyyrrrrrrryyyrrrrrrr
4945,4951,6,ALL_RED,observed_reconstruction,1404,ALL_RED,,rrrrrrrrrrrrrrrrrrrr
4951,4963,12,EW_GREEN,observed_reconstruction,1405,EW_GREEN,,rrrrrgGGggrrrrrgGGgg
4963,4966,3,EW_GREEN,observed_reconstruction,1406,EW_GREEN_LEFT_YELLOW,,rrrrrgGGyyrrrrrgGGyy
4966,4969,3,EW_GREEN,observed_reconstruction,1407,EW_GREEN_THROUGH_ONLY,,rrrrrgGGrrrrrrrgGGrr
4969,4972,3,ALL_RED,observed_reconstruction,1408,EW_YELLOW,EW_GREEN,rrrrryyyrrrrrrryyyrr
4972,4975,3,ALL_RED,observed_reconstruction,1409,ALL_RED,,rrrrrrrrrrrrrrrrrrrr
4975,4980,5,NS_GREEN,observed_reconstruction,1410,NS_GREEN,,gGGggrrrrrgGGggrrrrr
4980,4983,3,NS_GREEN,observed_reconstruction,1411,NS_GREEN_LEFT_YELLOW,,gGGyyrrrrrgGGyyrrrrr
4983,4986,3,NS_GREEN,observed_reconstruction,1412,NS_GREEN_THROUGH_ONLY,,gGGrrrrrrrgGGrrrrrrr
4986,4989,3,ALL_RED,observed_reconstruction,1413,NS_YELLOW,NS_GREEN,yyyrrrrrrryyyrrrrrrr
4989,4990,1,ALL_RED,observed_reconstruction,1414,ALL_RED,,rrrrrrrrrrrrrrrrrrrr
4990,5001,11,EW_GREEN,observed_reconstruction,1415,EW_GREEN,,rrrrrgGGggrrrrrgGGgg
5001,5004,3,EW_GREEN,observed_reconstruction,1416,EW_GREEN_LEFT_YELLOW,,rrrrrgGGyyrrrrrgGGyy
5004,5007,3,EW_GREEN,observed_reconstruction,1417,EW_GREEN_THROUGH_ONLY,,rrrrrgGGrrrrrrrgGGrr
5007,5010,3,ALL_RED,observed_reconstruction,1418,EW_YELLOW,EW_GREEN,rrrrryyyrrrrrrryyyrr
5010,5013,3,ALL_RED,observed_reconstruction,1419,ALL_RED,,rrrrrrrrrrrrrrrrrrrr
5013,5018,5,NS_GREEN,observed_reconstruction,1420,NS_GREEN,,gGGggrrrrrgGGggrrrrr
5018,5021,3,NS_GREEN,observed_reconstruction,1421,NS_GREEN_LEFT_YELLOW,,gGGyyrrrrrgGGyyrrrrr
5021,5024,3,NS_GREEN,observed_reconstruction,1422,NS_GREEN_THROUGH_ONLY,,gGGrrrrrrrgGGrrrrrrr
5024,5027,3,ALL_RED,observed_reconstruction,1423,NS_YELLOW,NS_GREEN,yyyrrrrrrryyyrrrrrrr
5027,5035,8,ALL_RED,observed_reconstruction,1424,ALL_RED,,rrrrrrrrrrrrrrrrrrrr
5035,5040,5,EW_GREEN,observed_reconstruction,1425,EW_GREEN,,rrrrrgGGggrrrrrgGGgg
5040,5043,3,EW_GREEN,observed_reconstruction,1426,EW_GREEN_LEFT_YELLOW,,rrrrrgGGyyrrrrrgGGyy
5043,5046,3,EW_GREEN,observed_reconstruction,1427,EW_GREEN_THROUGH_ONLY,,rrrrrgGGrrrrrrrgGGrr
5046,5049,3,ALL_RED,observed_reconstruction,1428,EW_YELLOW,EW_GREEN,rrrrryyyrrrrrrryyyrr
5049,5051,2,ALL_RED,observed_reconstruction,1429,ALL_RED,,rrrrrrrrrrrrrrrrrrrr
5051,5055,4,NS_GREEN,observed_reconstruction,1430,NS_GREEN,,gGGggrrrrrgGGggrrrrr
5055,5058,3,NS_GREEN,observed_reconstruction,1431,NS_GREEN_LEFT_YELLOW,,gGGyyrrrrrgGGyyrrrrr
5058,5061,3,NS_GREEN,observed_reconstruction,1432,NS_GREEN_THROUGH_ONLY,,gGGrrrrrrrgGGrrrrrrr
5061,5064,3,ALL_RED,observed_reconstruction,1433,NS_YELLOW,NS_GREEN,yyyrrrrrrryyyrrrrrrr
5064,5066,2,ALL_RED,observed_reconstruction,1434,ALL_RED,,rrrrrrrrrrrrrrrrrrrr
5066,5072,6,EW_GREEN,observed_reconstruction,1435,EW_GREEN,,rrrrrgGGggrrrrrgGGgg
5072,5075,3,EW_GREEN,observed_reconstruction,1436,EW_GREEN_LEFT_YELLOW,,rrrrrgGGyyrrrrrgGGyy
5075,5078,3,EW_GREEN,observed_reconstruction,1437,EW_GREEN_THROUGH_ONLY,,rrrrrgGGrrrrrrrgGGrr
5078,5081,3,ALL_RED,observed_reconstruction,1438,EW_YELLOW,EW_GREEN,rrrrryyyrrrrrrryyyrr
5081,5082,1,ALL_RED,observed_reconstruction,1439,ALL_RED,,rrrrrrrrrrrrrrrrrrrr
5082,5088,6,NS_GREEN,observed_reconstruction,1440,NS_GREEN,,gGGggrrrrrgGGggrrrrr
5088,5091,3,NS_GREEN,observed_reconstruction,1441,NS_GREEN_LEFT_YELLOW,,gGGyyrrrrrgGGyyrrrrr
5091,5094,3,NS_GREEN,observed_reconstruction,1442,NS_GREEN_THROUGH_ONLY,,gGGrrrrrrrgGGrrrrrrr
5094,5097,3,ALL_RED,observed_reconstruction,1443,NS_YELLOW,NS_GREEN,yyyrrrrrrryyyrrrrrrr
5097,5106,9,ALL_RED,observed_reconstruction,1444,ALL_RED,,rrrrrrrrrrrrrrrrrrrr
5106,5115,9,EW_GREEN,observed_reconstruction,1445,EW_GREEN,,rrrrrgGGggrrrrrgGGgg
5115,5118,3,EW_GREEN,observed_reconstruction,1446,EW_GREEN_LEFT_YELLOW,,rrrrrgGGyyrrrrrgGGyy
5118,5121,3,EW_GREEN,observed_reconstruction,1447,EW_GREEN_THROUGH_ONLY,,rrrrrgGGrrrrrrrgGGrr
5121,5124,3,ALL_RED,observed_reconstruction,1448,EW_YELLOW,EW_GREEN,rrrrryyyrrrrrrryyyrr
5124,5128,4,ALL_RED,observed_reconstruction,1449,ALL_RED,,rrrrrrrrrrrrrrrrrrrr
5128,5129,1,NS_GREEN,observed_reconstruction,1450,NS_GREEN,,gGGggrrrrrgGGggrrrrr
5129,5132,3,NS_GREEN,observed_reconstruction,1451,NS_GREEN_LEFT_YELLOW,,gGGyyrrrrrgGGyyrrrrr
5132,5135,3,NS_GREEN,observed_reconstruction,1452,NS_GREEN_THROUGH_ONLY,,gGGrrrrrrrgGGrrrrrrr
5135,5144,9,NS_GREEN,fallback_flush,1453,NS_GREEN,,gGGggrrrrrgGGggrrrrr
5144,5147,3,NS_GREEN,fallback_flush,1454,NS_GREEN_LEFT_YELLOW,,gGGyyrrrrrgGGyyrrrrr
5147,5150,3,NS_GREEN,fallback_flush,1455,NS_GREEN_THROUGH_ONLY,,gGGrrrrrrrgGGrrrrrrr
5150,5153,3,ALL_RED,fallback_flush,1456,NS_YELLOW,NS_GREEN,yyyrrrrrrryyyrrrrrrr
5153,5156,3,ALL_RED,fallback_flush,1457,ALL_RED,,rrrrrrrrrrrrrrrrrrrr
5156,5167,11,EW_GREEN,fallback_flush,1458,EW_GREEN,,rrrrrgGGggrrrrrgGGgg
5167,5170,3,EW_GREEN,fallback_flush,1459,EW_GREEN_LEFT_YELLOW,,rrrrrgGGyyrrrrrgGGyy
5170,5173,3,EW_GREEN,fallback_flush,1460,EW_GREEN_THROUGH_ONLY,,rrrrrgGGrrrrrrrgGGrr
5173,5176,3,ALL_RED,fallback_flush,1461,EW_YELLOW,EW_GREEN,rrrrryyyrrrrrrryyyrr
5176,5179,3,ALL_RED,fallback_flush,1462,ALL_RED,,rrrrrrrrrrrrrrrrrrrr
5179,5188,9,NS_GREEN,fallback_flush,1463,NS_GREEN,,gGGggrrrrrgGGggrrrrr
5188,5191,3,NS_GREEN,fallback_flush,1464,NS_GREEN_LEFT_YELLOW,,gGGyyrrrrrgGGyyrrrrr
5191,5194,3,NS_GREEN,fallback_flush,1465,NS_GREEN_THROUGH_ONLY,,gGGrrrrrrrgGGrrrrrrr
5194,5197,3,ALL_RED,fallback_flush,1466,NS_YELLOW,NS_GREEN,yyyrrrrrrryyyrrrrrrr
5197,5200,3,ALL_RED,fallback_flush,1467,ALL_RED,,rrrrrrrrrrrrrrrrrrrr
5200,5211,11,EW_GREEN,fallback_flush,1468,EW_GREEN,,rrrrrgGGggrrrrrgGGgg
5211,5214,3,EW_GREEN,fallback_flush,1469,EW_GREEN_LEFT_YELLOW,,rrrrrgGGyyrrrrrgGGyy
5214,5217,3,EW_GREEN,fallback_flush,1470,EW_GREEN_THROUGH_ONLY,,rrrrrgGGrrrrrrrgGGrr
5217,5220,3,ALL_RED,fallback_flush,1471,EW_YELLOW,EW_GREEN,rrrrryyyrrrrrrryyyrr
5220,5223,3,ALL_RED,fallback_flush,1472,ALL_RED,,rrrrrrrrrrrrrrrrrrrr
5223,5232,9,NS_GREEN,fallback_flush,1473,NS_GREEN,,gGGggrrrrrgGGggrrrrr
5232,5235,3,NS_GREEN,fallback_flush,1474,NS_GREEN_LEFT_YELLOW,,gGGyyrrrrrgGGyyrrrrr
5235,5238,3,NS_GREEN,fallback_flush,1475,NS_GREEN_THROUGH_ONLY,,gGGrrrrrrrgGGrrrrrrr
5238,5241,3,ALL_RED,fallback_flush,1476,NS_YELLOW,NS_GREEN,yyyrrrrrrryyyrrrrrrr
5241,5244,3,ALL_RED,fallback_flush,1477,ALL_RED,,rrrrrrrrrrrrrrrrrrrr
5244,5255,11,EW_GREEN,fallback_flush,1478,EW_GREEN,,rrrrrgGGggrrrrrgGGgg
5255,5258,3,EW_GREEN,fallback_flush,1479,EW_GREEN_LEFT_YELLOW,,rrrrrgGGyyrrrrrgGGyy
5258,5261,3,EW_GREEN,fallback_flush,1480,EW_GREEN_THROUGH_ONLY,,rrrrrgGGrrrrrrrgGGrr
5261,5264,3,ALL_RED,fallback_flush,1481,EW_YELLOW,EW_GREEN,rrrrryyyrrrrrrryyyrr
5264,5267,3,ALL_RED,fallback_flush,1482,ALL_RED,,rrrrrrrrrrrrrrrrrrrr
5267,5276,9,NS_GREEN,fallback_flush,1483,NS_GREEN,,gGGggrrrrrgGGggrrrrr
5276,5279,3,NS_GREEN,fallback_flush,1484,NS_GREEN_LEFT_YELLOW,,gGGyyrrrrrgGGyyrrrrr
5279,5282,3,NS_GREEN,fallback_flush,1485,NS_GREEN_THROUGH_ONLY,,gGGrrrrrrrgGGrrrrrrr
5282,5285,3,ALL_RED,fallback_flush,1486,NS_YELLOW,NS_GREEN,yyyrrrrrrryyyrrrrrrr
5285,5288,3,ALL_RED,fallback_flush,1487,ALL_RED,,rrrrrrrrrrrrrrrrrrrr
5288,5299,11,EW_GREEN,fallback_flush,1488,EW_GREEN,,rrrrrgGGggrrrrrgGGgg
5299,5302,3,EW_GREEN,fallback_flush,1489,EW_GREEN_LEFT_YELLOW,,rrrrrgGGyyrrrrrgGGyy
5302,5305,3,EW_GREEN,fallback_flush,1490,EW_GREEN_THROUGH_ONLY,,rrrrrgGGrrrrrrrgGGrr
5305,5308,3,ALL_RED,fallback_flush,1491,EW_YELLOW,EW_GREEN,rrrrryyyrrrrrrryyyrr
5308,5311,3,ALL_RED,fallback_flush,1492,ALL_RED,,rrrrrrrrrrrrrrrrrrrr
5311,5320,9,NS_GREEN,fallback_flush,1493,NS_GREEN,,gGGggrrrrrgGGggrrrrr
5320,5323,3,NS_GREEN,fallback_flush,1494,NS_GREEN_LEFT_YELLOW,,gGGyyrrrrrgGGyyrrrrr
5323,5326,3,NS_GREEN,fallback_flush,1495,NS_GREEN_THROUGH_ONLY,,gGGrrrrrrrgGGrrrrrrr
5326,5329,3,ALL_RED,fallback_flush,1496,NS_YELLOW,NS_GREEN,yyyrrrrrrryyyrrrrrrr
5329,5332,3,ALL_RED,fallback_flush,1497,ALL_RED,,rrrrrrrrrrrrrrrrrrrr
5332,5343,11,EW_GREEN,fallback_flush,1498,EW_GREEN,,rrrrrgGGggrrrrrgGGgg
5343,5346,3,EW_GREEN,fallback_flush,1499,EW_GREEN_LEFT_YELLOW,,rrrrrgGGyyrrrrrgGGyy
5346,5349,3,EW_GREEN,fallback_flush,1500,EW_GREEN_THROUGH_ONLY,,rrrrrgGGrrrrrrrgGGrr
5349,5352,3,ALL_RED,fallback_flush,1501,EW_YELLOW,EW_GREEN,rrrrryyyrrrrrrryyyrr
5352,5355,3,ALL_RED,fallback_flush,1502,ALL_RED,,rrrrrrrrrrrrrrrrrrrr
5355,5364,9,NS_GREEN,fallback_flush,1503,NS_GREEN,,gGGggrrrrrgGGggrrrrr
5364,5367,3,NS_GREEN,fallback_flush,1504,NS_GREEN_LEFT_YELLOW,,gGGyyrrrrrgGGyyrrrrr
5367,5370,3,NS_GREEN,fallback_flush,1505,NS_GREEN_THROUGH_ONLY,,gGGrrrrrrrgGGrrrrrrr
5370,5373,3,ALL_RED,fallback_flush,1506,NS_YELLOW,NS_GREEN,yyyrrrrrrryyyrrrrrrr
5373,5376,3,ALL_RED,fallback_flush,1507,ALL_RED,,rrrrrrrrrrrrrrrrrrrr
5376,5387,11,EW_GREEN,fallback_flush,1508,EW_GREEN,,rrrrrgGGggrrrrrgGGgg
5387,5390,3,EW_GREEN,fallback_flush,1509,EW_GREEN_LEFT_YELLOW,,rrrrrgGGyyrrrrrgGGyy
5390,5393,3,EW_GREEN,fallback_flush,1510,EW_GREEN_THROUGH_ONLY,,rrrrrgGGrrrrrrrgGGrr
5393,5396,3,ALL_RED,fallback_flush,1511,EW_YELLOW,EW_GREEN,rrrrryyyrrrrrrryyyrr
5396,5399,3,ALL_RED,fallback_flush,1512,ALL_RED,,rrrrrrrrrrrrrrrrrrrr
5399,5408,9,NS_GREEN,fallback_flush,1513,NS_GREEN,,gGGggrrrrrgGGggrrrrr
5408,5411,3,NS_GREEN,fallback_flush,1514,NS_GREEN_LEFT_YELLOW,,gGGyyrrrrrgGGyyrrrrr
5411,5414,3,NS_GREEN,fallback_flush,1515,NS_GREEN_THROUGH_ONLY,,gGGrrrrrrrgGGrrrrrrr
5414,5417,3,ALL_RED,fallback_flush,1516,NS_YELLOW,NS_GREEN,yyyrrrrrrryyyrrrrrrr
5417,5420,3,ALL_RED,fallback_flush,1517,ALL_RED,,rrrrrrrrrrrrrrrrrrrr
5420,5431,11,EW_GREEN,fallback_flush,1518,EW_GREEN,,rrrrrgGGggrrrrrgGGgg
5431,5434,3,EW_GREEN,fallback_flush,1519,EW_GREEN_LEFT_YELLOW,,rrrrrgGGyyrrrrrgGGyy
5434,5437,3,EW_GREEN,fallback_flush,1520,EW_GREEN_THROUGH_ONLY,,rrrrrgGGrrrrrrrgGGrr
5437,5440,3,ALL_RED,fallback_flush,1521,EW_YELLOW,EW_GREEN,rrrrryyyrrrrrrryyyrr
5440,5443,3,ALL_RED,fallback_flush,1522,ALL_RED,,rrrrrrrrrrrrrrrrrrrr
5443,5452,9,NS_GREEN,fallback_flush,1523,NS_GREEN,,gGGggrrrrrgGGggrrrrr
5452,5455,3,NS_GREEN,fallback_flush,1524,NS_GREEN_LEFT_YELLOW,,gGGyyrrrrrgGGyyrrrrr
5455,5458,3,NS_GREEN,fallback_flush,1525,NS_GREEN_THROUGH_ONLY,,gGGrrrrrrrgGGrrrrrrr
5458,5461,3,ALL_RED,fallback_flush,1526,NS_YELLOW,NS_GREEN,yyyrrrrrrryyyrrrrrrr
5461,5464,3,ALL_RED,fallback_flush,1527,ALL_RED,,rrrrrrrrrrrrrrrrrrrr
5464,5475,11,EW_GREEN,fallback_flush,1528,EW_GREEN,,rrrrrgGGggrrrrrgGGgg
5475,5478,3,EW_GREEN,fallback_flush,1529,EW_GREEN_LEFT_YELLOW,,rrrrrgGGyyrrrrrgGGyy
5478,5481,3,EW_GREEN,fallback_flush,1530,EW_GREEN_THROUGH_ONLY,,rrrrrgGGrrrrrrrgGGrr
5481,5484,3,ALL_RED,fallback_flush,1531,EW_YELLOW,EW_GREEN,rrrrryyyrrrrrrryyyrr
5484,5487,3,ALL_RED,fallback_flush,1532,ALL_RED,,rrrrrrrrrrrrrrrrrrrr
5487,5496,9,NS_GREEN,fallback_flush,1533,NS_GREEN,,gGGggrrrrrgGGggrrrrr
5496,5499,3,NS_GREEN,fallback_flush,1534,NS_GREEN_LEFT_YELLOW,,gGGyyrrrrrgGGyyrrrrr
5499,5502,3,NS_GREEN,fallback_flush,1535,NS_GREEN_THROUGH_ONLY,,gGGrrrrrrrgGGrrrrrrr
5502,5505,3,ALL_RED,fallback_flush,1536,NS_YELLOW,NS_GREEN,yyyrrrrrrryyyrrrrrrr
5505,5508,3,ALL_RED,fallback_flush,1537,ALL_RED,,rrrrrrrrrrrrrrrrrrrr
5508,5519,11,EW_GREEN,fallback_flush,1538,EW_GREEN,,rrrrrgGGggrrrrrgGGgg
5519,5522,3,EW_GREEN,fallback_flush,1539,EW_GREEN_LEFT_YELLOW,,rrrrrgGGyyrrrrrgGGyy
5522,5525,3,EW_GREEN,fallback_flush,1540,EW_GREEN_THROUGH_ONLY,,rrrrrgGGrrrrrrrgGGrr
5525,5528,3,ALL_RED,fallback_flush,1541,EW_YELLOW,EW_GREEN,rrrrryyyrrrrrrryyyrr
5528,5531,3,ALL_RED,fallback_flush,1542,ALL_RED,,rrrrrrrrrrrrrrrrrrrr
5531,5540,9,NS_GREEN,fallback_flush,1543,NS_GREEN,,gGGggrrrrrgGGggrrrrr
5540,5543,3,NS_GREEN,fallback_flush,1544,NS_GREEN_LEFT_YELLOW,,gGGyyrrrrrgGGyyrrrrr
5543,5546,3,NS_GREEN,fallback_flush,1545,NS_GREEN_THROUGH_ONLY,,gGGrrrrrrrgGGrrrrrrr
5546,5549,3,ALL_RED,fallback_flush,1546,NS_YELLOW,NS_GREEN,yyyrrrrrrryyyrrrrrrr
5549,5552,3,ALL_RED,fallback_flush,1547,ALL_RED,,rrrrrrrrrrrrrrrrrrrr
5552,5563,11,EW_GREEN,fallback_flush,1548,EW_GREEN,,rrrrrgGGggrrrrrgGGgg
5563,5566,3,EW_GREEN,fallback_flush,1549,EW_GREEN_LEFT_YELLOW,,rrrrrgGGyyrrrrrgGGyy
5566,5569,3,EW_GREEN,fallback_flush,1550,EW_GREEN_THROUGH_ONLY,,rrrrrgGGrrrrrrrgGGrr
5569,5572,3,ALL_RED,fallback_flush,1551,EW_YELLOW,EW_GREEN,rrrrryyyrrrrrrryyyrr
5572,5575,3,ALL_RED,fallback_flush,1552,ALL_RED,,rrrrrrrrrrrrrrrrrrrr
5575,5584,9,NS_GREEN,fallback_flush,1553,NS_GREEN,,gGGggrrrrrgGGggrrrrr
5584,5587,3,NS_GREEN,fallback_flush,1554,NS_GREEN_LEFT_YELLOW,,gGGyyrrrrrgGGyyrrrrr
5587,5590,3,NS_GREEN,fallback_flush,1555,NS_GREEN_THROUGH_ONLY,,gGGrrrrrrrgGGrrrrrrr
5590,5593,3,ALL_RED,fallback_flush,1556,NS_YELLOW,NS_GREEN,yyyrrrrrrryyyrrrrrrr
5593,5596,3,ALL_RED,fallback_flush,1557,ALL_RED,,rrrrrrrrrrrrrrrrrrrr
5596,5607,11,EW_GREEN,fallback_flush,1558,EW_GREEN,,rrrrrgGGggrrrrrgGGgg
5607,5610,3,EW_GREEN,fallback_flush,1559,EW_GREEN_LEFT_YELLOW,,rrrrrgGGyyrrrrrgGGyy
5610,5613,3,EW_GREEN,fallback_flush,1560,EW_GREEN_THROUGH_ONLY,,rrrrrgGGrrrrrrrgGGrr
5613,5616,3,ALL_RED,fallback_flush,1561,EW_YELLOW,EW_GREEN,rrrrryyyrrrrrrryyyrr
5616,5619,3,ALL_RED,fallback_flush,1562,ALL_RED,,rrrrrrrrrrrrrrrrrrrr
5619,5628,9,NS_GREEN,fallback_flush,1563,NS_GREEN,,gGGggrrrrrgGGggrrrrr
5628,5631,3,NS_GREEN,fallback_flush,1564,NS_GREEN_LEFT_YELLOW,,gGGyyrrrrrgGGyyrrrrr
5631,5634,3,NS_GREEN,fallback_flush,1565,NS_GREEN_THROUGH_ONLY,,gGGrrrrrrrgGGrrrrrrr
5634,5637,3,ALL_RED,fallback_flush,1566,NS_YELLOW,NS_GREEN,yyyrrrrrrryyyrrrrrrr
5637,5640,3,ALL_RED,fallback_flush,1567,ALL_RED,,rrrrrrrrrrrrrrrrrrrr
5640,5651,11,EW_GREEN,fallback_flush,1568,EW_GREEN,,rrrrrgGGggrrrrrgGGgg
5651,5654,3,EW_GREEN,fallback_flush,1569,EW_GREEN_LEFT_YELLOW,,rrrrrgGGyyrrrrrgGGyy
5654,5657,3,EW_GREEN,fallback_flush,1570,EW_GREEN_THROUGH_ONLY,,rrrrrgGGrrrrrrrgGGrr
5657,5660,3,ALL_RED,fallback_flush,1571,EW_YELLOW,EW_GREEN,rrrrryyyrrrrrrryyyrr
5660,5663,3,ALL_RED,fallback_flush,1572,ALL_RED,,rrrrrrrrrrrrrrrrrrrr
5663,5672,9,NS_GREEN,fallback_flush,1573,NS_GREEN,,gGGggrrrrrgGGggrrrrr
5672,5675,3,NS_GREEN,fallback_flush,1574,NS_GREEN_LEFT_YELLOW,,gGGyyrrrrrgGGyyrrrrr
5675,5678,3,NS_GREEN,fallback_flush,1575,NS_GREEN_THROUGH_ONLY,,gGGrrrrrrrgGGrrrrrrr
5678,5681,3,ALL_RED,fallback_flush,1576,NS_YELLOW,NS_GREEN,yyyrrrrrrryyyrrrrrrr
5681,5684,3,ALL_RED,fallback_flush,1577,ALL_RED,,rrrrrrrrrrrrrrrrrrrr
5684,5695,11,EW_GREEN,fallback_flush,1578,EW_GREEN,,rrrrrgGGggrrrrrgGGgg
5695,5698,3,EW_GREEN,fallback_flush,1579,EW_GREEN_LEFT_YELLOW,,rrrrrgGGyyrrrrrgGGyy
5698,5701,3,EW_GREEN,fallback_flush,1580,EW_GREEN_THROUGH_ONLY,,rrrrrgGGrrrrrrrgGGrr
5701,5704,3,ALL_RED,fallback_flush,1581,EW_YELLOW,EW_GREEN,rrrrryyyrrrrrrryyyrr
5704,5707,3,ALL_RED,fallback_flush,1582,ALL_RED,,rrrrrrrrrrrrrrrrrrrr
5707,5716,9,NS_GREEN,fallback_flush,1583,NS_GREEN,,gGGggrrrrrgGGggrrrrr
5716,5719,3,NS_GREEN,fallback_flush,1584,NS_GREEN_LEFT_YELLOW,,gGGyyrrrrrgGGyyrrrrr
5719,5722,3,NS_GREEN,fallback_flush,1585,NS_GREEN_THROUGH_ONLY,,gGGrrrrrrrgGGrrrrrrr
5722,5725,3,ALL_RED,fallback_flush,1586,NS_YELLOW,NS_GREEN,yyyrrrrrrryyyrrrrrrr
5725,5728,3,ALL_RED,fallback_flush,1587,ALL_RED,,rrrrrrrrrrrrrrrrrrrr
5728,5739,11,EW_GREEN,fallback_flush,1588,EW_GREEN,,rrrrrgGGggrrrrrgGGgg
5739,5742,3,EW_GREEN,fallback_flush,1589,EW_GREEN_LEFT_YELLOW,,rrrrrgGGyyrrrrrgGGyy
5742,5745,3,EW_GREEN,fallback_flush,1590,EW_GREEN_THROUGH_ONLY,,rrrrrgGGrrrrrrrgGGrr
5745,5748,3,ALL_RED,fallback_flush,1591,EW_YELLOW,EW_GREEN,rrrrryyyrrrrrrryyyrr
5748,5751,3,ALL_RED,fallback_flush,1592,ALL_RED,,rrrrrrrrrrrrrrrrrrrr
5751,5760,9,NS_GREEN,fallback_flush,1593,NS_GREEN,,gGGggrrrrrgGGggrrrrr
5760,5763,3,NS_GREEN,fallback_flush,1594,NS_GREEN_LEFT_YELLOW,,gGGyyrrrrrgGGyyrrrrr
5763,5766,3,NS_GREEN,fallback_flush,1595,NS_GREEN_THROUGH_ONLY,,gGGrrrrrrrgGGrrrrrrr
5766,5769,3,ALL_RED,fallback_flush,1596,NS_YELLOW,NS_GREEN,yyyrrrrrrryyyrrrrrrr
5769,5772,3,ALL_RED,fallback_flush,1597,ALL_RED,,rrrrrrrrrrrrrrrrrrrr
5772,5783,11,EW_GREEN,fallback_flush,1598,EW_GREEN,,rrrrrgGGggrrrrrgGGgg
5783,5786,3,EW_GREEN,fallback_flush,1599,EW_GREEN_LEFT_YELLOW,,rrrrrgGGyyrrrrrgGGyy
5786,5789,3,EW_GREEN,fallback_flush,1600,EW_GREEN_THROUGH_ONLY,,rrrrrgGGrrrrrrrgGGrr
5789,5792,3,ALL_RED,fallback_flush,1601,EW_YELLOW,EW_GREEN,rrrrryyyrrrrrrryyyrr
5792,5795,3,ALL_RED,fallback_flush,1602,ALL_RED,,rrrrrrrrrrrrrrrrrrrr
5795,5804,9,NS_GREEN,fallback_flush,1603,NS_GREEN,,gGGggrrrrrgGGggrrrrr
5804,5807,3,NS_GREEN,fallback_flush,1604,NS_GREEN_LEFT_YELLOW,,gGGyyrrrrrgGGyyrrrrr
5807,5810,3,NS_GREEN,fallback_flush,1605,NS_GREEN_THROUGH_ONLY,,gGGrrrrrrrgGGrrrrrrr
5810,5813,3,ALL_RED,fallback_flush,1606,NS_YELLOW,NS_GREEN,yyyrrrrrrryyyrrrrrrr
5813,5816,3,ALL_RED,fallback_flush,1607,ALL_RED,,rrrrrrrrrrrrrrrrrrrr
5816,5827,11,EW_GREEN,fallback_flush,1608,EW_GREEN,,rrrrrgGGggrrrrrgGGgg
5827,5830,3,EW_GREEN,fallback_flush,1609,EW_GREEN_LEFT_YELLOW,,rrrrrgGGyyrrrrrgGGyy
5830,5833,3,EW_GREEN,fallback_flush,1610,EW_GREEN_THROUGH_ONLY,,rrrrrgGGrrrrrrrgGGrr
5833,5836,3,ALL_RED,fallback_flush,1611,EW_YELLOW,EW_GREEN,rrrrryyyrrrrrrryyyrr
5836,5839,3,ALL_RED,fallback_flush,1612,ALL_RED,,rrrrrrrrrrrrrrrrrrrr
5839,5848,9,NS_GREEN,fallback_flush,1613,NS_GREEN,,gGGggrrrrrgGGggrrrrr
5848,5851,3,NS_GREEN,fallback_flush,1614,NS_GREEN_LEFT_YELLOW,,gGGyyrrrrrgGGyyrrrrr
5851,5854,3,NS_GREEN,fallback_flush,1615,NS_GREEN_THROUGH_ONLY,,gGGrrrrrrrgGGrrrrrrr
5854,5857,3,ALL_RED,fallback_flush,1616,NS_YELLOW,NS_GREEN,yyyrrrrrrryyyrrrrrrr
5857,5860,3,ALL_RED,fallback_flush,1617,ALL_RED,,rrrrrrrrrrrrrrrrrrrr
5860,5871,11,EW_GREEN,fallback_flush,1618,EW_GREEN,,rrrrrgGGggrrrrrgGGgg
5871,5874,3,EW_GREEN,fallback_flush,1619,EW_GREEN_LEFT_YELLOW,,rrrrrgGGyyrrrrrgGGyy
5874,5877,3,EW_GREEN,fallback_flush,1620,EW_GREEN_THROUGH_ONLY,,rrrrrgGGrrrrrrrgGGrr
5877,5880,3,ALL_RED,fallback_flush,1621,EW_YELLOW,EW_GREEN,rrrrryyyrrrrrrryyyrr
5880,5883,3,ALL_RED,fallback_flush,1622,ALL_RED,,rrrrrrrrrrrrrrrrrrrr
5883,5892,9,NS_GREEN,fallback_flush,1623,NS_GREEN,,gGGggrrrrrgGGggrrrrr
5892,5895,3,NS_GREEN,fallback_flush,1624,NS_GREEN_LEFT_YELLOW,,gGGyyrrrrrgGGyyrrrrr
5895,5898,3,NS_GREEN,fallback_flush,1625,NS_GREEN_THROUGH_ONLY,,gGGrrrrrrrgGGrrrrrrr
5898,5901,3,ALL_RED,fallback_flush,1626,NS_YELLOW,NS_GREEN,yyyrrrrrrryyyrrrrrrr
5901,5904,3,ALL_RED,fallback_flush,1627,ALL_RED,,rrrrrrrrrrrrrrrrrrrr
5904,5915,11,EW_GREEN,fallback_flush,1628,EW_GREEN,,rrrrrgGGggrrrrrgGGgg
5915,5918,3,EW_GREEN,fallback_flush,1629,EW_GREEN_LEFT_YELLOW,,rrrrrgGGyyrrrrrgGGyy
5918,5921,3,EW_GREEN,fallback_flush,1630,EW_GREEN_THROUGH_ONLY,,rrrrrgGGrrrrrrrgGGrr
5921,5924,3,ALL_RED,fallback_flush,1631,EW_YELLOW,EW_GREEN,rrrrryyyrrrrrrryyyrr
5924,5927,3,ALL_RED,fallback_flush,1632,ALL_RED,,rrrrrrrrrrrrrrrrrrrr
5927,5936,9,NS_GREEN,fallback_flush,1633,NS_GREEN,,gGGggrrrrrgGGggrrrrr
5936,5939,3,NS_GREEN,fallback_flush,1634,NS_GREEN_LEFT_YELLOW,,gGGyyrrrrrgGGyyrrrrr
5939,5942,3,NS_GREEN,fallback_flush,1635,NS_GREEN_THROUGH_ONLY,,gGGrrrrrrrgGGrrrrrrr
5942,5945,3,ALL_RED,fallback_flush,1636,NS_YELLOW,NS_GREEN,yyyrrrrrrryyyrrrrrrr
5945,5948,3,ALL_RED,fallback_flush,1637,ALL_RED,,rrrrrrrrrrrrrrrrrrrr
5948,5959,11,EW_GREEN,fallback_flush,1638,EW_GREEN,,rrrrrgGGggrrrrrgGGgg
5959,5962,3,EW_GREEN,fallback_flush,1639,EW_GREEN_LEFT_YELLOW,,rrrrrgGGyyrrrrrgGGyy
5962,5965,3,EW_GREEN,fallback_flush,1640,EW_GREEN_THROUGH_ONLY,,rrrrrgGGrrrrrrrgGGrr
5965,5968,3,ALL_RED,fallback_flush,1641,EW_YELLOW,EW_GREEN,rrrrryyyrrrrrrryyyrr
5968,5971,3,ALL_RED,fallback_flush,1642,ALL_RED,,rrrrrrrrrrrrrrrrrrrr
5971,5980,9,NS_GREEN,fallback_flush,1643,NS_GREEN,,gGGggrrrrrgGGggrrrrr
5980,5983,3,NS_GREEN,fallback_flush,1644,NS_GREEN_LEFT_YELLOW,,gGGyyrrrrrgGGyyrrrrr
5983,5986,3,NS_GREEN,fallback_flush,1645,NS_GREEN_THROUGH_ONLY,,gGGrrrrrrrgGGrrrrrrr
5986,5989,3,ALL_RED,fallback_flush,1646,NS_YELLOW,NS_GREEN,yyyrrrrrrryyyrrrrrrr
5989,5992,3,ALL_RED,fallback_flush,1647,ALL_RED,,rrrrrrrrrrrrrrrrrrrr
5992,6003,11,EW_GREEN,fallback_flush,1648,EW_GREEN,,rrrrrgGGggrrrrrgGGgg
6003,6006,3,EW_GREEN,fallback_flush,1649,EW_GREEN_LEFT_YELLOW,,rrrrrgGGyyrrrrrgGGyy
6006,6009,3,EW_GREEN,fallback_flush,1650,EW_GREEN_THROUGH_ONLY,,rrrrrgGGrrrrrrrgGGrr
6009,6012,3,ALL_RED,fallback_flush,1651,EW_YELLOW,EW_GREEN,rrrrryyyrrrrrrryyyrr
6012,6015,3,ALL_RED,fallback_flush,1652,ALL_RED,,rrrrrrrrrrrrrrrrrrrr
6015,6024,9,NS_GREEN,fallback_flush,1653,NS_GREEN,,gGGggrrrrrgGGggrrrrr
6024,6027,3,NS_GREEN,fallback_flush,1654,NS_GREEN_LEFT_YELLOW,,gGGyyrrrrrgGGyyrrrrr
6027,6030,3,NS_GREEN,fallback_flush,1655,NS_GREEN_THROUGH_ONLY,,gGGrrrrrrrgGGrrrrrrr
6030,6033,3,ALL_RED,fallback_flush,1656,NS_YELLOW,NS_GREEN,yyyrrrrrrryyyrrrrrrr
6033,6036,3,ALL_RED,fallback_flush,1657,ALL_RED,,rrrrrrrrrrrrrrrrrrrr
6036,6047,11,EW_GREEN,fallback_flush,1658,EW_GREEN,,rrrrrgGGggrrrrrgGGgg
6047,6050,3,EW_GREEN,fallback_flush,1659,EW_GREEN_LEFT_YELLOW,,rrrrrgGGyyrrrrrgGGyy
6050,6053,3,EW_GREEN,fallback_flush,1660,EW_GREEN_THROUGH_ONLY,,rrrrrgGGrrrrrrrgGGrr
6053,6056,3,ALL_RED,fallback_flush,1661,EW_YELLOW,EW_GREEN,rrrrryyyrrrrrrryyyrr
6056,6059,3,ALL_RED,fallback_flush,1662,ALL_RED,,rrrrrrrrrrrrrrrrrrrr
6059,6068,9,NS_GREEN,fallback_flush,1663,NS_GREEN,,gGGggrrrrrgGGggrrrrr
6068,6071,3,NS_GREEN,fallback_flush,1664,NS_GREEN_LEFT_YELLOW,,gGGyyrrrrrgGGyyrrrrr
6071,6074,3,NS_GREEN,fallback_flush,1665,NS_GREEN_THROUGH_ONLY,,gGGrrrrrrrgGGrrrrrrr
6074,6077,3,ALL_RED,fallback_flush,1666,NS_YELLOW,NS_GREEN,yyyrrrrrrryyyrrrrrrr
6077,6080,3,ALL_RED,fallback_flush,1667,ALL_RED,,rrrrrrrrrrrrrrrrrrrr
6080,6091,11,EW_GREEN,fallback_flush,1668,EW_GREEN,,rrrrrgGGggrrrrrgGGgg
6091,6094,3,EW_GREEN,fallback_flush,1669,EW_GREEN_LEFT_YELLOW,,rrrrrgGGyyrrrrrgGGyy
6094,6097,3,EW_GREEN,fallback_flush,1670,EW_GREEN_THROUGH_ONLY,,rrrrrgGGrrrrrrrgGGrr
6097,6100,3,ALL_RED,fallback_flush,1671,EW_YELLOW,EW_GREEN,rrrrryyyrrrrrrryyyrr
6100,6103,3,ALL_RED,fallback_flush,1672,ALL_RED,,rrrrrrrrrrrrrrrrrrrr
6103,6112,9,NS_GREEN,fallback_flush,1673,NS_GREEN,,gGGggrrrrrgGGggrrrrr
6112,6115,3,NS_GREEN,fallback_flush,1674,NS_GREEN_LEFT_YELLOW,,gGGyyrrrrrgGGyyrrrrr
6115,6118,3,NS_GREEN,fallback_flush,1675,NS_GREEN_THROUGH_ONLY,,gGGrrrrrrrgGGrrrrrrr
6118,6121,3,ALL_RED,fallback_flush,1676,NS_YELLOW,NS_GREEN,yyyrrrrrrryyyrrrrrrr
6121,6124,3,ALL_RED,fallback_flush,1677,ALL_RED,,rrrrrrrrrrrrrrrrrrrr
6124,6135,11,EW_GREEN,fallback_flush,1678,EW_GREEN,,rrrrrgGGggrrrrrgGGgg
6135,6138,3,EW_GREEN,fallback_flush,1679,EW_GREEN_LEFT_YELLOW,,rrrrrgGGyyrrrrrgGGyy
6138,6141,3,EW_GREEN,fallback_flush,1680,EW_GREEN_THROUGH_ONLY,,rrrrrgGGrrrrrrrgGGrr
6141,6144,3,ALL_RED,fallback_flush,1681,EW_YELLOW,EW_GREEN,rrrrryyyrrrrrrryyyrr
6144,6147,3,ALL_RED,fallback_flush,1682,ALL_RED,,rrrrrrrrrrrrrrrrrrrr
6147,6156,9,NS_GREEN,fallback_flush,1683,NS_GREEN,,gGGggrrrrrgGGggrrrrr
6156,6159,3,NS_GREEN,fallback_flush,1684,NS_GREEN_LEFT_YELLOW,,gGGyyrrrrrgGGyyrrrrr
6159,6162,3,NS_GREEN,fallback_flush,1685,NS_GREEN_THROUGH_ONLY,,gGGrrrrrrrgGGrrrrrrr
6162,6165,3,ALL_RED,fallback_flush,1686,NS_YELLOW,NS_GREEN,yyyrrrrrrryyyrrrrrrr
6165,6168,3,ALL_RED,fallback_flush,1687,ALL_RED,,rrrrrrrrrrrrrrrrrrrr
6168,6179,11,EW_GREEN,fallback_flush,1688,EW_GREEN,,rrrrrgGGggrrrrrgGGgg
6179,6182,3,EW_GREEN,fallback_flush,1689,EW_GREEN_LEFT_YELLOW,,rrrrrgGGyyrrrrrgGGyy
6182,6185,3,EW_GREEN,fallback_flush,1690,EW_GREEN_THROUGH_ONLY,,rrrrrgGGrrrrrrrgGGrr
6185,6188,3,ALL_RED,fallback_flush,1691,EW_YELLOW,EW_GREEN,rrrrryyyrrrrrrryyyrr
6188,6191,3,ALL_RED,fallback_flush,1692,ALL_RED,,rrrrrrrrrrrrrrrrrrrr
6191,6200,9,NS_GREEN,fallback_flush,1693,NS_GREEN,,gGGggrrrrrgGGggrrrrr
6200,6203,3,NS_GREEN,fallback_flush,1694,NS_GREEN_LEFT_YELLOW,,gGGyyrrrrrgGGyyrrrrr
6203,6206,3,NS_GREEN,fallback_flush,1695,NS_GREEN_THROUGH_ONLY,,gGGrrrrrrrgGGrrrrrrr
6206,6209,3,ALL_RED,fallback_flush,1696,NS_YELLOW,NS_GREEN,yyyrrrrrrryyyrrrrrrr
6209,6212,3,ALL_RED,fallback_flush,1697,ALL_RED,,rrrrrrrrrrrrrrrrrrrr
6212,6223,11,EW_GREEN,fallback_flush,1698,EW_GREEN,,rrrrrgGGggrrrrrgGGgg
6223,6226,3,EW_GREEN,fallback_flush,1699,EW_GREEN_LEFT_YELLOW,,rrrrrgGGyyrrrrrgGGyy
6226,6229,3,EW_GREEN,fallback_flush,1700,EW_GREEN_THROUGH_ONLY,,rrrrrgGGrrrrrrrgGGrr
6229,6232,3,ALL_RED,fallback_flush,1701,EW_YELLOW,EW_GREEN,rrrrryyyrrrrrrryyyrr
6232,6235,3,ALL_RED,fallback_flush,1702,ALL_RED,,rrrrrrrrrrrrrrrrrrrr
6235,6244,9,NS_GREEN,fallback_flush,1703,NS_GREEN,,gGGggrrrrrgGGggrrrrr
6244,6247,3,NS_GREEN,fallback_flush,1704,NS_GREEN_LEFT_YELLOW,,gGGyyrrrrrgGGyyrrrrr
6247,6250,3,NS_GREEN,fallback_flush,1705,NS_GREEN_THROUGH_ONLY,,gGGrrrrrrrgGGrrrrrrr
6250,6253,3,ALL_RED,fallback_flush,1706,NS_YELLOW,NS_GREEN,yyyrrrrrrryyyrrrrrrr
6253,6256,3,ALL_RED,fallback_flush,1707,ALL_RED,,rrrrrrrrrrrrrrrrrrrr
6256,6267,11,EW_GREEN,fallback_flush,1708,EW_GREEN,,rrrrrgGGggrrrrrgGGgg
6267,6270,3,EW_GREEN,fallback_flush,1709,EW_GREEN_LEFT_YELLOW,,rrrrrgGGyyrrrrrgGGyy
6270,6273,3,EW_GREEN,fallback_flush,1710,EW_GREEN_THROUGH_ONLY,,rrrrrgGGrrrrrrrgGGrr
6273,6276,3,ALL_RED,fallback_flush,1711,EW_YELLOW,EW_GREEN,rrrrryyyrrrrrrryyyrr
6276,6279,3,ALL_RED,fallback_flush,1712,ALL_RED,,rrrrrrrrrrrrrrrrrrrr
6279,6288,9,NS_GREEN,fallback_flush,1713,NS_GREEN,,gGGggrrrrrgGGggrrrrr
6288,6291,3,NS_GREEN,fallback_flush,1714,NS_GREEN_LEFT_YELLOW,,gGGyyrrrrrgGGyyrrrrr
6291,6294,3,NS_GREEN,fallback_flush,1715,NS_GREEN_THROUGH_ONLY,,gGGrrrrrrrgGGrrrrrrr
6294,6297,3,ALL_RED,fallback_flush,1716,NS_YELLOW,NS_GREEN,yyyrrrrrrryyyrrrrrrr
6297,6300,3,ALL_RED,fallback_flush,1717,ALL_RED,,rrrrrrrrrrrrrrrrrrrr
6300,6311,11,EW_GREEN,fallback_flush,1718,EW_GREEN,,rrrrrgGGggrrrrrgGGgg
6311,6314,3,EW_GREEN,fallback_flush,1719,EW_GREEN_LEFT_YELLOW,,rrrrrgGGyyrrrrrgGGyy
6314,6317,3,EW_GREEN,fallback_flush,1720,EW_GREEN_THROUGH_ONLY,,rrrrrgGGrrrrrrrgGGrr
6317,6320,3,ALL_RED,fallback_flush,1721,EW_YELLOW,EW_GREEN,rrrrryyyrrrrrrryyyrr
6320,6323,3,ALL_RED,fallback_flush,1722,ALL_RED,,rrrrrrrrrrrrrrrrrrrr
6323,6332,9,NS_GREEN,fallback_flush,1723,NS_GREEN,,gGGggrrrrrgGGggrrrrr
6332,6335,3,NS_GREEN,fallback_flush,1724,NS_GREEN_LEFT_YELLOW,,gGGyyrrrrrgGGyyrrrrr
6335,6338,3,NS_GREEN,fallback_flush,1725,NS_GREEN_THROUGH_ONLY,,gGGrrrrrrrgGGrrrrrrr
6338,6341,3,ALL_RED,fallback_flush,1726,NS_YELLOW,NS_GREEN,yyyrrrrrrryyyrrrrrrr
6341,6344,3,ALL_RED,fallback_flush,1727,ALL_RED,,rrrrrrrrrrrrrrrrrrrr
6344,6355,11,EW_GREEN,fallback_flush,1728,EW_GREEN,,rrrrrgGGggrrrrrgGGgg
6355,6358,3,EW_GREEN,fallback_flush,1729,EW_GREEN_LEFT_YELLOW,,rrrrrgGGyyrrrrrgGGyy
6358,6361,3,EW_GREEN,fallback_flush,1730,EW_GREEN_THROUGH_ONLY,,rrrrrgGGrrrrrrrgGGrr
6361,6364,3,ALL_RED,fallback_flush,1731,EW_YELLOW,EW_GREEN,rrrrryyyrrrrrrryyyrr
6364,6367,3,ALL_RED,fallback_flush,1732,ALL_RED,,rrrrrrrrrrrrrrrrrrrr
6367,6376,9,NS_GREEN,fallback_flush,1733,NS_GREEN,,gGGggrrrrrgGGggrrrrr
6376,6379,3,NS_GREEN,fallback_flush,1734,NS_GREEN_LEFT_YELLOW,,gGGyyrrrrrgGGyyrrrrr
6379,6382,3,NS_GREEN,fallback_flush,1735,NS_GREEN_THROUGH_ONLY,,gGGrrrrrrrgGGrrrrrrr
6382,6385,3,ALL_RED,fallback_flush,1736,NS_YELLOW,NS_GREEN,yyyrrrrrrryyyrrrrrrr
6385,6388,3,ALL_RED,fallback_flush,1737,ALL_RED,,rrrrrrrrrrrrrrrrrrrr
6388,6399,11,EW_GREEN,fallback_flush,1738,EW_GREEN,,rrrrrgGGggrrrrrgGGgg
6399,6402,3,EW_GREEN,fallback_flush,1739,EW_GREEN_LEFT_YELLOW,,rrrrrgGGyyrrrrrgGGyy
6402,6405,3,EW_GREEN,fallback_flush,1740,EW_GREEN_THROUGH_ONLY,,rrrrrgGGrrrrrrrgGGrr
6405,6408,3,ALL_RED,fallback_flush,1741,EW_YELLOW,EW_GREEN,rrrrryyyrrrrrrryyyrr
6408,6411,3,ALL_RED,fallback_flush,1742,ALL_RED,,rrrrrrrrrrrrrrrrrrrr
6411,6420,9,NS_GREEN,fallback_flush,1743,NS_GREEN,,gGGggrrrrrgGGggrrrrr
6420,6423,3,NS_GREEN,fallback_flush,1744,NS_GREEN_LEFT_YELLOW,,gGGyyrrrrrgGGyyrrrrr
6423,6426,3,NS_GREEN,fallback_flush,1745,NS_GREEN_THROUGH_ONLY,,gGGrrrrrrrgGGrrrrrrr
6426,6429,3,ALL_RED,fallback_flush,1746,NS_YELLOW,NS_GREEN,yyyrrrrrrryyyrrrrrrr
6429,6432,3,ALL_RED,fallback_flush,1747,ALL_RED,,rrrrrrrrrrrrrrrrrrrr
6432,6443,11,EW_GREEN,fallback_flush,1748,EW_GREEN,,rrrrrgGGggrrrrrgGGgg
6443,6446,3,EW_GREEN,fallback_flush,1749,EW_GREEN_LEFT_YELLOW,,rrrrrgGGyyrrrrrgGGyy
6446,6449,3,EW_GREEN,fallback_flush,1750,EW_GREEN_THROUGH_ONLY,,rrrrrgGGrrrrrrrgGGrr
6449,6452,3,ALL_RED,fallback_flush,1751,EW_YELLOW,EW_GREEN,rrrrryyyrrrrrrryyyrr
6452,6455,3,ALL_RED,fallback_flush,1752,ALL_RED,,rrrrrrrrrrrrrrrrrrrr
6455,6464,9,NS_GREEN,fallback_flush,1753,NS_GREEN,,gGGggrrrrrgGGggrrrrr
6464,6467,3,NS_GREEN,fallback_flush,1754,NS_GREEN_LEFT_YELLOW,,gGGyyrrrrrgGGyyrrrrr
6467,6470,3,NS_GREEN,fallback_flush,1755,NS_GREEN_THROUGH_ONLY,,gGGrrrrrrrgGGrrrrrrr
6470,6473,3,ALL_RED,fallback_flush,1756,NS_YELLOW,NS_GREEN,yyyrrrrrrryyyrrrrrrr
6473,6476,3,ALL_RED,fallback_flush,1757,ALL_RED,,rrrrrrrrrrrrrrrrrrrr
6476,6487,11,EW_GREEN,fallback_flush,1758,EW_GREEN,,rrrrrgGGggrrrrrgGGgg
6487,6490,3,EW_GREEN,fallback_flush,1759,EW_GREEN_LEFT_YELLOW,,rrrrrgGGyyrrrrrgGGyy
6490,6493,3,EW_GREEN,fallback_flush,1760,EW_GREEN_THROUGH_ONLY,,rrrrrgGGrrrrrrrgGGrr
6493,6496,3,ALL_RED,fallback_flush,1761,EW_YELLOW,EW_GREEN,rrrrryyyrrrrrrryyyrr
6496,6499,3,ALL_RED,fallback_flush,1762,ALL_RED,,rrrrrrrrrrrrrrrrrrrr
6499,6508,9,NS_GREEN,fallback_flush,1763,NS_GREEN,,gGGggrrrrrgGGggrrrrr
6508,6511,3,NS_GREEN,fallback_flush,1764,NS_GREEN_LEFT_YELLOW,,gGGyyrrrrrgGGyyrrrrr
6511,6514,3,NS_GREEN,fallback_flush,1765,NS_GREEN_THROUGH_ONLY,,gGGrrrrrrrgGGrrrrrrr
6514,6517,3,ALL_RED,fallback_flush,1766,NS_YELLOW,NS_GREEN,yyyrrrrrrryyyrrrrrrr
6517,6520,3,ALL_RED,fallback_flush,1767,ALL_RED,,rrrrrrrrrrrrrrrrrrrr
6520,6531,11,EW_GREEN,fallback_flush,1768,EW_GREEN,,rrrrrgGGggrrrrrgGGgg
6531,6534,3,EW_GREEN,fallback_flush,1769,EW_GREEN_LEFT_YELLOW,,rrrrrgGGyyrrrrrgGGyy
6534,6537,3,EW_GREEN,fallback_flush,1770,EW_GREEN_THROUGH_ONLY,,rrrrrgGGrrrrrrrgGGrr
6537,6540,3,ALL_RED,fallback_flush,1771,EW_YELLOW,EW_GREEN,rrrrryyyrrrrrrryyyrr
6540,6543,3,ALL_RED,fallback_flush,1772,ALL_RED,,rrrrrrrrrrrrrrrrrrrr
6543,6552,9,NS_GREEN,fallback_flush,1773,NS_GREEN,,gGGggrrrrrgGGggrrrrr
6552,6555,3,NS_GREEN,fallback_flush,1774,NS_GREEN_LEFT_YELLOW,,gGGyyrrrrrgGGyyrrrrr
6555,6558,3,NS_GREEN,fallback_flush,1775,NS_GREEN_THROUGH_ONLY,,gGGrrrrrrrgGGrrrrrrr
6558,6561,3,ALL_RED,fallback_flush,1776,NS_YELLOW,NS_GREEN,yyyrrrrrrryyyrrrrrrr
6561,6564,3,ALL_RED,fallback_flush,1777,ALL_RED,,rrrrrrrrrrrrrrrrrrrr
6564,6575,11,EW_GREEN,fallback_flush,1778,EW_GREEN,,rrrrrgGGggrrrrrgGGgg
6575,6578,3,EW_GREEN,fallback_flush,1779,EW_GREEN_LEFT_YELLOW,,rrrrrgGGyyrrrrrgGGyy
6578,6581,3,EW_GREEN,fallback_flush,1780,EW_GREEN_THROUGH_ONLY,,rrrrrgGGrrrrrrrgGGrr
6581,6584,3,ALL_RED,fallback_flush,1781,EW_YELLOW,EW_GREEN,rrrrryyyrrrrrrryyyrr
6584,6587,3,ALL_RED,fallback_flush,1782,ALL_RED,,rrrrrrrrrrrrrrrrrrrr
6587,6596,9,NS_GREEN,fallback_flush,1783,NS_GREEN,,gGGggrrrrrgGGggrrrrr
6596,6599,3,NS_GREEN,fallback_flush,1784,NS_GREEN_LEFT_YELLOW,,gGGyyrrrrrgGGyyrrrrr
6599,6602,3,NS_GREEN,fallback_flush,1785,NS_GREEN_THROUGH_ONLY,,gGGrrrrrrrgGGrrrrrrr
6602,6605,3,ALL_RED,fallback_flush,1786,NS_YELLOW,NS_GREEN,yyyrrrrrrryyyrrrrrrr
6605,6608,3,ALL_RED,fallback_flush,1787,ALL_RED,,rrrrrrrrrrrrrrrrrrrr
6608,6619,11,EW_GREEN,fallback_flush,1788,EW_GREEN,,rrrrrgGGggrrrrrgGGgg
6619,6622,3,EW_GREEN,fallback_flush,1789,EW_GREEN_LEFT_YELLOW,,rrrrrgGGyyrrrrrgGGyy
6622,6625,3,EW_GREEN,fallback_flush,1790,EW_GREEN_THROUGH_ONLY,,rrrrrgGGrrrrrrrgGGrr
6625,6628,3,ALL_RED,fallback_flush,1791,EW_YELLOW,EW_GREEN,rrrrryyyrrrrrrryyyrr
6628,6631,3,ALL_RED,fallback_flush,1792,ALL_RED,,rrrrrrrrrrrrrrrrrrrr
6631,6640,9,NS_GREEN,fallback_flush,1793,NS_GREEN,,gGGggrrrrrgGGggrrrrr
6640,6643,3,NS_GREEN,fallback_flush,1794,NS_GREEN_LEFT_YELLOW,,gGGyyrrrrrgGGyyrrrrr
6643,6646,3,NS_GREEN,fallback_flush,1795,NS_GREEN_THROUGH_ONLY,,gGGrrrrrrrgGGrrrrrrr
6646,6649,3,ALL_RED,fallback_flush,1796,NS_YELLOW,NS_GREEN,yyyrrrrrrryyyrrrrrrr
6649,6652,3,ALL_RED,fallback_flush,1797,ALL_RED,,rrrrrrrrrrrrrrrrrrrr
6652,6663,11,EW_GREEN,fallback_flush,1798,EW_GREEN,,rrrrrgGGggrrrrrgGGgg
6663,6666,3,EW_GREEN,fallback_flush,1799,EW_GREEN_LEFT_YELLOW,,rrrrrgGGyyrrrrrgGGyy
6666,6669,3,EW_GREEN,fallback_flush,1800,EW_GREEN_THROUGH_ONLY,,rrrrrgGGrrrrrrrgGGrr
6669,6672,3,ALL_RED,fallback_flush,1801,EW_YELLOW,EW_GREEN,rrrrryyyrrrrrrryyyrr
6672,6675,3,ALL_RED,fallback_flush,1802,ALL_RED,,rrrrrrrrrrrrrrrrrrrr
6675,6684,9,NS_GREEN,fallback_flush,1803,NS_GREEN,,gGGggrrrrrgGGggrrrrr
6684,6687,3,NS_GREEN,fallback_flush,1804,NS_GREEN_LEFT_YELLOW,,gGGyyrrrrrgGGyyrrrrr
6687,6690,3,NS_GREEN,fallback_flush,1805,NS_GREEN_THROUGH_ONLY,,gGGrrrrrrrgGGrrrrrrr
6690,6693,3,ALL_RED,fallback_flush,1806,NS_YELLOW,NS_GREEN,yyyrrrrrrryyyrrrrrrr
6693,6696,3,ALL_RED,fallback_flush,1807,ALL_RED,,rrrrrrrrrrrrrrrrrrrr
6696,6707,11,EW_GREEN,fallback_flush,1808,EW_GREEN,,rrrrrgGGggrrrrrgGGgg
6707,6710,3,EW_GREEN,fallback_flush,1809,EW_GREEN_LEFT_YELLOW,,rrrrrgGGyyrrrrrgGGyy
6710,6713,3,EW_GREEN,fallback_flush,1810,EW_GREEN_THROUGH_ONLY,,rrrrrgGGrrrrrrrgGGrr
6713,6716,3,ALL_RED,fallback_flush,1811,EW_YELLOW,EW_GREEN,rrrrryyyrrrrrrryyyrr
6716,6719,3,ALL_RED,fallback_flush,1812,ALL_RED,,rrrrrrrrrrrrrrrrrrrr
6719,6728,9,NS_GREEN,fallback_flush,1813,NS_GREEN,,gGGggrrrrrgGGggrrrrr
6728,6731,3,NS_GREEN,fallback_flush,1814,NS_GREEN_LEFT_YELLOW,,gGGyyrrrrrgGGyyrrrrr
6731,6734,3,NS_GREEN,fallback_flush,1815,NS_GREEN_THROUGH_ONLY,,gGGrrrrrrrgGGrrrrrrr
6734,6737,3,ALL_RED,fallback_flush,1816,NS_YELLOW,NS_GREEN,yyyrrrrrrryyyrrrrrrr
6737,6740,3,ALL_RED,fallback_flush,1817,ALL_RED,,rrrrrrrrrrrrrrrrrrrr
6740,6751,11,EW_GREEN,fallback_flush,1818,EW_GREEN,,rrrrrgGGggrrrrrgGGgg
6751,6754,3,EW_GREEN,fallback_flush,1819,EW_GREEN_LEFT_YELLOW,,rrrrrgGGyyrrrrrgGGyy
6754,6757,3,EW_GREEN,fallback_flush,1820,EW_GREEN_THROUGH_ONLY,,rrrrrgGGrrrrrrrgGGrr
6757,6760,3,ALL_RED,fallback_flush,1821,EW_YELLOW,EW_GREEN,rrrrryyyrrrrrrryyyrr
6760,6763,3,ALL_RED,fallback_flush,1822,ALL_RED,,rrrrrrrrrrrrrrrrrrrr
6763,6772,9,NS_GREEN,fallback_flush,1823,NS_GREEN,,gGGggrrrrrgGGggrrrrr
6772,6775,3,NS_GREEN,fallback_flush,1824,NS_GREEN_LEFT_YELLOW,,gGGyyrrrrrgGGyyrrrrr
6775,6778,3,NS_GREEN,fallback_flush,1825,NS_GREEN_THROUGH_ONLY,,gGGrrrrrrrgGGrrrrrrr
6778,6781,3,ALL_RED,fallback_flush,1826,NS_YELLOW,NS_GREEN,yyyrrrrrrryyyrrrrrrr
6781,6784,3,ALL_RED,fallback_flush,1827,ALL_RED,,rrrrrrrrrrrrrrrrrrrr
6784,6795,11,EW_GREEN,fallback_flush,1828,EW_GREEN,,rrrrrgGGggrrrrrgGGgg
6795,6798,3,EW_GREEN,fallback_flush,1829,EW_GREEN_LEFT_YELLOW,,rrrrrgGGyyrrrrrgGGyy
6798,6801,3,EW_GREEN,fallback_flush,1830,EW_GREEN_THROUGH_ONLY,,rrrrrgGGrrrrrrrgGGrr
6801,6804,3,ALL_RED,fallback_flush,1831,EW_YELLOW,EW_GREEN,rrrrryyyrrrrrrryyyrr
6804,6807,3,ALL_RED,fallback_flush,1832,ALL_RED,,rrrrrrrrrrrrrrrrrrrr
6807,6816,9,NS_GREEN,fallback_flush,1833,NS_GREEN,,gGGggrrrrrgGGggrrrrr
6816,6819,3,NS_GREEN,fallback_flush,1834,NS_GREEN_LEFT_YELLOW,,gGGyyrrrrrgGGyyrrrrr
6819,6822,3,NS_GREEN,fallback_flush,1835,NS_GREEN_THROUGH_ONLY,,gGGrrrrrrrgGGrrrrrrr
6822,6825,3,ALL_RED,fallback_flush,1836,NS_YELLOW,NS_GREEN,yyyrrrrrrryyyrrrrrrr
6825,6828,3,ALL_RED,fallback_flush,1837,ALL_RED,,rrrrrrrrrrrrrrrrrrrr
6828,6839,11,EW_GREEN,fallback_flush,1838,EW_GREEN,,rrrrrgGGggrrrrrgGGgg
6839,6842,3,EW_GREEN,fallback_flush,1839,EW_GREEN_LEFT_YELLOW,,rrrrrgGGyyrrrrrgGGyy
6842,6845,3,EW_GREEN,fallback_flush,1840,EW_GREEN_THROUGH_ONLY,,rrrrrgGGrrrrrrrgGGrr
6845,6848,3,ALL_RED,fallback_flush,1841,EW_YELLOW,EW_GREEN,rrrrryyyrrrrrrryyyrr
6848,6851,3,ALL_RED,fallback_flush,1842,ALL_RED,,rrrrrrrrrrrrrrrrrrrr
6851,6860,9,NS_GREEN,fallback_flush,1843,NS_GREEN,,gGGggrrrrrgGGggrrrrr
6860,6863,3,NS_GREEN,fallback_flush,1844,NS_GREEN_LEFT_YELLOW,,gGGyyrrrrrgGGyyrrrrr
6863,6866,3,NS_GREEN,fallback_flush,1845,NS_GREEN_THROUGH_ONLY,,gGGrrrrrrrgGGrrrrrrr
6866,6869,3,ALL_RED,fallback_flush,1846,NS_YELLOW,NS_GREEN,yyyrrrrrrryyyrrrrrrr
6869,6872,3,ALL_RED,fallback_flush,1847,ALL_RED,,rrrrrrrrrrrrrrrrrrrr
6872,6883,11,EW_GREEN,fallback_flush,1848,EW_GREEN,,rrrrrgGGggrrrrrgGGgg
6883,6886,3,EW_GREEN,fallback_flush,1849,EW_GREEN_LEFT_YELLOW,,rrrrrgGGyyrrrrrgGGyy
6886,6889,3,EW_GREEN,fallback_flush,1850,EW_GREEN_THROUGH_ONLY,,rrrrrgGGrrrrrrrgGGrr
6889,6892,3,ALL_RED,fallback_flush,1851,EW_YELLOW,EW_GREEN,rrrrryyyrrrrrrryyyrr
6892,6895,3,ALL_RED,fallback_flush,1852,ALL_RED,,rrrrrrrrrrrrrrrrrrrr
6895,6904,9,NS_GREEN,fallback_flush,1853,NS_GREEN,,gGGggrrrrrgGGggrrrrr
6904,6907,3,NS_GREEN,fallback_flush,1854,NS_GREEN_LEFT_YELLOW,,gGGyyrrrrrgGGyyrrrrr
6907,6910,3,NS_GREEN,fallback_flush,1855,NS_GREEN_THROUGH_ONLY,,gGGrrrrrrrgGGrrrrrrr
6910,6913,3,ALL_RED,fallback_flush,1856,NS_YELLOW,NS_GREEN,yyyrrrrrrryyyrrrrrrr
6913,6916,3,ALL_RED,fallback_flush,1857,ALL_RED,,rrrrrrrrrrrrrrrrrrrr
6916,6924,8,EW_GREEN,fallback_flush,1858,EW_GREEN,,rrrrrgGGggrrrrrgGGgg
6924,6927,3,EW_GREEN,fallback_flush,1859,EW_GREEN_LEFT_YELLOW,,rrrrrgGGyyrrrrrgGGyy
6927,6930,3,EW_GREEN,fallback_flush,1860,EW_GREEN_THROUGH_ONLY,,rrrrrgGGrrrrrrrgGGrr
6930,6933,3,ALL_RED,fallback_flush,1861,EW_YELLOW,EW_GREEN,rrrrryyyrrrrrrryyyrr
6933,6934,1,ALL_RED,fallback_flush,1862,ALL_RED,,rrrrrrrrrrrrrrrrrrrr
